SeqID	k__Bacteria.p__Actinobacteria.c__Actinomycetia.o__Actinomycetales.f__Actinomycetaceae.g__Actinomyces	k__Bacteria.p__Actinobacteria.c__Actinomycetia.o__Actinomycetales.f__Actinomycetaceae.g__Fannyhessea	k__Bacteria.p__Actinobacteria.c__Actinomycetia.o__Actinomycetales.f__Actinomycetaceae.g__GGB9832	k__Bacteria.p__Actinobacteria.c__Actinomycetia.o__Actinomycetales.f__Actinomycetaceae.g__Gleimia	k__Bacteria.p__Actinobacteria.c__Actinomycetia.o__Actinomycetales.f__Actinomycetaceae.g__Schaalia	k__Bacteria.p__Actinobacteria.c__Actinomycetia.o__Actinomycetales.f__Actinomycetaceae.g__Trueperella	k__Bacteria.p__Actinobacteria.c__Actinomycetia.o__Actinomycetales.f__Actinomycetaceae.g__Varibaculum	k__Bacteria.p__Actinobacteria.c__Actinomycetia.o__Actinomycetales.f__Actinomycetaceae.g__Winkia	k__Bacteria.p__Actinobacteria.c__Actinomycetia.o__Bifidobacteriales.f__Bifidobacteriaceae.g__Bifidobacterium	k__Bacteria.p__Actinobacteria.c__Actinomycetia.o__Bifidobacteriales.f__Bifidobacteriaceae.g__Gardnerella	k__Bacteria.p__Actinobacteria.c__Actinomycetia.o__Corynebacteriales.f__Corynebacteriaceae.g__Corynebacterium	k__Bacteria.p__Actinobacteria.c__Actinomycetia.o__Corynebacteriales.f__Lawsonellaceae.g__Lawsonella	k__Bacteria.p__Actinobacteria.c__Actinomycetia.o__Corynebacteriales.f__Nocardiaceae.g__Rhodococcus	k__Bacteria.p__Actinobacteria.c__Actinomycetia.o__Corynebacteriales.f__Tsukamurellaceae.g__Tsukamurella	k__Bacteria.p__Actinobacteria.c__Actinomycetia.o__Micrococcales.f__Dermabacteraceae.g__Dermabacter	k__Bacteria.p__Actinobacteria.c__Actinomycetia.o__Micrococcales.f__Dermacoccaceae.g__Dermacoccus	k__Bacteria.p__Actinobacteria.c__Actinomycetia.o__Micrococcales.f__Microbacteriaceae.g__Cryobacterium	k__Bacteria.p__Actinobacteria.c__Actinomycetia.o__Micrococcales.f__Micrococcaceae.g__Rothia	k__Bacteria.p__Actinobacteria.c__Actinomycetia.o__Micrococcales.f__Promicromonosporaceae.g__Isoptericola	k__Bacteria.p__Actinobacteria.c__Actinomycetia.o__Propionibacteriales.f__Propionibacteriaceae.g__Cutibacterium	k__Bacteria.p__Actinobacteria.c__Actinomycetia.o__Propionibacteriales.f__Propionibacteriaceae.g__Propionimicrobium	k__Bacteria.p__Actinobacteria.c__Coriobacteriia.o__Coriobacteriales.f__Atopobiaceae.g__Atopobium	k__Bacteria.p__Actinobacteria.c__Coriobacteriia.o__Coriobacteriales.f__Atopobiaceae.g__Lancefieldella	k__Bacteria.p__Actinobacteria.c__Coriobacteriia.o__Coriobacteriales.f__Atopobiaceae.g__Olsenella	k__Bacteria.p__Actinobacteria.c__Coriobacteriia.o__Coriobacteriales.f__Atopobiaceae.g__Paratractidigestivibacter	k__Bacteria.p__Actinobacteria.c__Coriobacteriia.o__Coriobacteriales.f__Coriobacteriaceae.g__Collinsella	k__Bacteria.p__Actinobacteria.c__Coriobacteriia.o__Coriobacteriales.f__Coriobacteriaceae.g__GGB9400	k__Bacteria.p__Actinobacteria.c__Coriobacteriia.o__Coriobacteriales.f__Coriobacteriaceae.g__Senegalimassilia	k__Bacteria.p__Actinobacteria.c__Coriobacteriia.o__Eggerthellales.f__Eggerthellaceae.g__Eggerthella	k__Bacteria.p__Actinobacteria.c__Coriobacteriia.o__Eggerthellales.f__Eggerthellaceae.g__Gordonibacter	k__Bacteria.p__Actinobacteria.c__Coriobacteriia.o__Eggerthellales.f__Eggerthellaceae.g__Paraeggerthella	k__Bacteria.p__Actinobacteria.c__Coriobacteriia.o__Eggerthellales.f__Eggerthellaceae.g__Slackia	k__Bacteria.p__Bacteroidetes.c__Bacteroidia.o__Bacteroidales.f__Bacteroidaceae.g__Bacteroides	k__Bacteria.p__Bacteroidetes.c__Bacteroidia.o__Bacteroidales.f__Bacteroidaceae.g__Phocaeicola	k__Bacteria.p__Bacteroidetes.c__Bacteroidia.o__Bacteroidales.f__Barnesiellaceae.g__Barnesiella	k__Bacteria.p__Bacteroidetes.c__Bacteroidia.o__Bacteroidales.f__Dysgonomonadaceae.g__Dysgonomonas	k__Bacteria.p__Bacteroidetes.c__Bacteroidia.o__Bacteroidales.f__Odoribacteraceae.g__Butyricimonas	k__Bacteria.p__Bacteroidetes.c__Bacteroidia.o__Bacteroidales.f__Odoribacteraceae.g__Odoribacter	k__Bacteria.p__Bacteroidetes.c__Bacteroidia.o__Bacteroidales.f__Porphyromonadaceae.g__Porphyromonas	k__Bacteria.p__Bacteroidetes.c__Bacteroidia.o__Bacteroidales.f__Prevotellaceae.g__GGB1215	k__Bacteria.p__Bacteroidetes.c__Bacteroidia.o__Bacteroidales.f__Prevotellaceae.g__Paraprevotella	k__Bacteria.p__Bacteroidetes.c__Bacteroidia.o__Bacteroidales.f__Prevotellaceae.g__Prevotella	k__Bacteria.p__Bacteroidetes.c__Bacteroidia.o__Bacteroidales.f__Rikenellaceae.g__Alistipes	k__Bacteria.p__Bacteroidetes.c__Bacteroidia.o__Bacteroidales.f__Tannerellaceae.g__Parabacteroides	k__Bacteria.p__Bacteroidetes.c__CFGB618.o__OFGB618.f__FGB618.g__GGB1455	k__Bacteria.p__Bacteroidetes.c__CFGB629.o__OFGB629.f__FGB629.g__GGB1495	k__Bacteria.p__Bacteroidetes.c__Flavobacteriia.o__Flavobacteriales.f__Weeksellaceae.g__Elizabethkingia	k__Bacteria.p__Candidatus_Saccharibacteria.c__Candidatus_Nanosyncoccalia.o__Candidatus_Nanogingivales.f__Candidatus_Nanogingivalaceae.g__Candidatus_Nanogingivalis	k__Bacteria.p__Candidatus_Saccharibacteria.c__Candidatus_Saccharibacteria_unclassified.o__Candidatus_Saccharibacteria_unclassified.f__Candidatus_Saccharibacteria_unclassified.g__Candidatus_Saccharibacteria_unclassified	k__Bacteria.p__Firmicutes.c__Bacilli.o__Bacillales.f__Bacillaceae.g__Virgibacillus	k__Bacteria.p__Firmicutes.c__Bacilli.o__Bacillales.f__Bacillales_unclassified.g__Gemella	k__Bacteria.p__Firmicutes.c__Bacilli.o__Bacillales.f__Staphylococcaceae.g__Staphylococcus	k__Bacteria.p__Firmicutes.c__Bacilli.o__Lactobacillales.f__Carnobacteriaceae.g__Dolosigranulum	k__Bacteria.p__Firmicutes.c__Bacilli.o__Lactobacillales.f__Carnobacteriaceae.g__Granulicatella	k__Bacteria.p__Firmicutes.c__Bacilli.o__Lactobacillales.f__Enterococcaceae.g__Enterococcus	k__Bacteria.p__Firmicutes.c__Bacilli.o__Lactobacillales.f__Lactobacillaceae.g__Lacticaseibacillus	k__Bacteria.p__Firmicutes.c__Bacilli.o__Lactobacillales.f__Lactobacillaceae.g__Lactobacillus	k__Bacteria.p__Firmicutes.c__Bacilli.o__Lactobacillales.f__Lactobacillaceae.g__Ligilactobacillus	k__Bacteria.p__Firmicutes.c__Bacilli.o__Lactobacillales.f__Lactobacillaceae.g__Limosilactobacillus	k__Bacteria.p__Firmicutes.c__Bacilli.o__Lactobacillales.f__Streptococcaceae.g__Lactococcus	k__Bacteria.p__Firmicutes.c__Bacilli.o__Lactobacillales.f__Streptococcaceae.g__Streptococcus	k__Bacteria.p__Firmicutes.c__CFGB1249.o__OFGB1249.f__FGB1249.g__GGB3033	k__Bacteria.p__Firmicutes.c__CFGB1292.o__OFGB1292.f__FGB1292.g__GGB3109	k__Bacteria.p__Firmicutes.c__CFGB14224.o__OFGB14224.f__FGB14224.g__GGB38873	k__Bacteria.p__Firmicutes.c__CFGB1872.o__OFGB1872.f__FGB1872.g__GGB4964	k__Bacteria.p__Firmicutes.c__CFGB2918.o__OFGB2918.f__FGB2918.g__GGB79969	k__Bacteria.p__Firmicutes.c__CFGB76046.o__OFGB76046.f__FGB76046.g__GGB51510	k__Bacteria.p__Firmicutes.c__CFGB76110.o__OFGB76110.f__FGB76110.g__GGB35456	k__Bacteria.p__Firmicutes.c__CFGB76352.o__OFGB76352.f__FGB76352.g__GGB4593	k__Bacteria.p__Firmicutes.c__CFGB8822.o__OFGB8822.f__FGB8822.g__GGB42994	k__Bacteria.p__Firmicutes.c__Clostridia.o__Clostridia_unclassified.f__Clostridia_unclassified.g__Candidatus_Aristotella	k__Bacteria.p__Firmicutes.c__Clostridia.o__Clostridia_unclassified.f__Clostridia_unclassified.g__Candidatus_Pseudoruminococcus	k__Bacteria.p__Firmicutes.c__Clostridia.o__Clostridia_unclassified.f__Clostridia_unclassified.g__Clostridia_unclassified	k__Bacteria.p__Firmicutes.c__Clostridia.o__Clostridiales.f__Clostridiales_unclassified.g__Lawsonibacter	k__Bacteria.p__Firmicutes.c__Clostridia.o__Clostridiales.f__Ruminococcaceae.g__Candidatus_Cibionibacter	k__Bacteria.p__Firmicutes.c__Clostridia.o__Eubacteriales.f__Christensenellaceae.g__Christensenella	k__Bacteria.p__Firmicutes.c__Clostridia.o__Eubacteriales.f__Clostridiaceae.g__Clostridiaceae_unclassified	k__Bacteria.p__Firmicutes.c__Clostridia.o__Eubacteriales.f__Clostridiaceae.g__Clostridium	k__Bacteria.p__Firmicutes.c__Clostridia.o__Eubacteriales.f__Clostridiaceae.g__Hungatella	k__Bacteria.p__Firmicutes.c__Clostridia.o__Eubacteriales.f__Clostridiaceae.g__Massilioclostridium	k__Bacteria.p__Firmicutes.c__Clostridia.o__Eubacteriales.f__Clostridiaceae.g__Paraclostridium	k__Bacteria.p__Firmicutes.c__Clostridia.o__Eubacteriales.f__Eubacteriales_unclassified.g__Eubacteriales_unclassified	k__Bacteria.p__Firmicutes.c__Clostridia.o__Eubacteriales.f__Eubacteriales_unclassified.g__Evtepia	k__Bacteria.p__Firmicutes.c__Clostridia.o__Eubacteriales.f__Eubacteriales_unclassified.g__Intestinimonas	k__Bacteria.p__Firmicutes.c__Clostridia.o__Eubacteriales.f__Eubacteriales_unclassified.g__Massilistercora	k__Bacteria.p__Firmicutes.c__Clostridia.o__Eubacteriales.f__Lachnospiraceae.g__Anaerocolumna	k__Bacteria.p__Firmicutes.c__Clostridia.o__Eubacteriales.f__Lachnospiraceae.g__Anaerosporobacter	k__Bacteria.p__Firmicutes.c__Clostridia.o__Eubacteriales.f__Lachnospiraceae.g__Anaerostipes	k__Bacteria.p__Firmicutes.c__Clostridia.o__Eubacteriales.f__Lachnospiraceae.g__Blautia	k__Bacteria.p__Firmicutes.c__Clostridia.o__Eubacteriales.f__Lachnospiraceae.g__Coprococcus	k__Bacteria.p__Firmicutes.c__Clostridia.o__Eubacteriales.f__Lachnospiraceae.g__Eisenbergiella	k__Bacteria.p__Firmicutes.c__Clostridia.o__Eubacteriales.f__Lachnospiraceae.g__Enterocloster	k__Bacteria.p__Firmicutes.c__Clostridia.o__Eubacteriales.f__Lachnospiraceae.g__Faecalicatena	k__Bacteria.p__Firmicutes.c__Clostridia.o__Eubacteriales.f__Lachnospiraceae.g__Faecalimonas	k__Bacteria.p__Firmicutes.c__Clostridia.o__Eubacteriales.f__Lachnospiraceae.g__Fusicatenibacter	k__Bacteria.p__Firmicutes.c__Clostridia.o__Eubacteriales.f__Lachnospiraceae.g__GGB3424	k__Bacteria.p__Firmicutes.c__Clostridia.o__Eubacteriales.f__Lachnospiraceae.g__GGB34476	k__Bacteria.p__Firmicutes.c__Clostridia.o__Eubacteriales.f__Lachnospiraceae.g__GGB3537	k__Bacteria.p__Firmicutes.c__Clostridia.o__Eubacteriales.f__Lachnospiraceae.g__GGB3746	k__Bacteria.p__Firmicutes.c__Clostridia.o__Eubacteriales.f__Lachnospiraceae.g__GGB79634	k__Bacteria.p__Firmicutes.c__Clostridia.o__Eubacteriales.f__Lachnospiraceae.g__GGB79916	k__Bacteria.p__Firmicutes.c__Clostridia.o__Eubacteriales.f__Lachnospiraceae.g__Lachnoanaerobaculum	k__Bacteria.p__Firmicutes.c__Clostridia.o__Eubacteriales.f__Lachnospiraceae.g__Lachnoclostridium	k__Bacteria.p__Firmicutes.c__Clostridia.o__Eubacteriales.f__Lachnospiraceae.g__Lachnospira	k__Bacteria.p__Firmicutes.c__Clostridia.o__Eubacteriales.f__Lachnospiraceae.g__Lachnospiraceae_unclassified	k__Bacteria.p__Firmicutes.c__Clostridia.o__Eubacteriales.f__Lachnospiraceae.g__Lachnotalea	k__Bacteria.p__Firmicutes.c__Clostridia.o__Eubacteriales.f__Lachnospiraceae.g__Mediterraneibacter	k__Bacteria.p__Firmicutes.c__Clostridia.o__Eubacteriales.f__Lachnospiraceae.g__Merdimonas	k__Bacteria.p__Firmicutes.c__Clostridia.o__Eubacteriales.f__Lachnospiraceae.g__Robinsoniella	k__Bacteria.p__Firmicutes.c__Clostridia.o__Eubacteriales.f__Lachnospiraceae.g__Roseburia	k__Bacteria.p__Firmicutes.c__Clostridia.o__Eubacteriales.f__Lachnospiraceae.g__Sellimonas	k__Bacteria.p__Firmicutes.c__Clostridia.o__Eubacteriales.f__Lachnospiraceae.g__Tyzzerella	k__Bacteria.p__Firmicutes.c__Clostridia.o__Eubacteriales.f__Oscillospiraceae.g__Anaerotruncus	k__Bacteria.p__Firmicutes.c__Clostridia.o__Eubacteriales.f__Oscillospiraceae.g__Dysosmobacter	k__Bacteria.p__Firmicutes.c__Clostridia.o__Eubacteriales.f__Oscillospiraceae.g__Faecalibacterium	k__Bacteria.p__Firmicutes.c__Clostridia.o__Eubacteriales.f__Oscillospiraceae.g__Flavonifractor	k__Bacteria.p__Firmicutes.c__Clostridia.o__Eubacteriales.f__Oscillospiraceae.g__Oscillospiraceae_unclassified	k__Bacteria.p__Firmicutes.c__Clostridia.o__Eubacteriales.f__Oscillospiraceae.g__Ruthenibacterium	k__Bacteria.p__Firmicutes.c__Clostridia.o__Eubacteriales.f__Peptostreptococcaceae.g__Clostridioides	k__Bacteria.p__Firmicutes.c__Clostridia.o__Eubacteriales.f__Peptostreptococcaceae.g__Criibacterium	k__Bacteria.p__Firmicutes.c__Clostridia.o__Eubacteriales.f__Peptostreptococcaceae.g__Intestinibacter	k__Bacteria.p__Firmicutes.c__Clostridia.o__Eubacteriales.f__Peptostreptococcaceae.g__Paeniclostridium	k__Bacteria.p__Firmicutes.c__Clostridia.o__Eubacteriales.f__Peptostreptococcaceae.g__Peptostreptococcus	k__Bacteria.p__Firmicutes.c__Clostridia.o__Eubacteriales.f__Peptostreptococcaceae.g__Terrisporobacter	k__Bacteria.p__Firmicutes.c__Erysipelotrichia.o__Erysipelotrichales.f__Coprobacillaceae.g__Coprobacillus	k__Bacteria.p__Firmicutes.c__Erysipelotrichia.o__Erysipelotrichales.f__Erysipelotrichaceae.g__Amedibacillus	k__Bacteria.p__Firmicutes.c__Erysipelotrichia.o__Erysipelotrichales.f__Erysipelotrichaceae.g__Erysipelatoclostridium	k__Bacteria.p__Firmicutes.c__Erysipelotrichia.o__Erysipelotrichales.f__Erysipelotrichaceae.g__Erysipelotrichaceae_unclassified	k__Bacteria.p__Firmicutes.c__Erysipelotrichia.o__Erysipelotrichales.f__Erysipelotrichaceae.g__Faecalicoccus	k__Bacteria.p__Firmicutes.c__Erysipelotrichia.o__Erysipelotrichales.f__Erysipelotrichaceae.g__Faecalitalea	k__Bacteria.p__Firmicutes.c__Erysipelotrichia.o__Erysipelotrichales.f__Erysipelotrichaceae.g__Holdemanella	k__Bacteria.p__Firmicutes.c__Firmicutes_unclassified.o__Firmicutes_unclassified.f__Firmicutes_unclassified.g__Firmicutes_unclassified	k__Bacteria.p__Firmicutes.c__Firmicutes_unclassified.o__Firmicutes_unclassified.f__Firmicutes_unclassified.g__GGB3680	k__Bacteria.p__Firmicutes.c__Negativicutes.o__Acidaminococcales.f__Acidaminococcaceae.g__Acidaminococcus	k__Bacteria.p__Firmicutes.c__Negativicutes.o__Acidaminococcales.f__Acidaminococcaceae.g__Phascolarctobacterium	k__Bacteria.p__Firmicutes.c__Negativicutes.o__Selenomonadales.f__Selenomonadaceae.g__GGB4308	k__Bacteria.p__Firmicutes.c__Negativicutes.o__Selenomonadales.f__Selenomonadaceae.g__Megamonas	k__Bacteria.p__Firmicutes.c__Negativicutes.o__Veillonellales.f__Veillonellaceae.g__Dialister	k__Bacteria.p__Firmicutes.c__Negativicutes.o__Veillonellales.f__Veillonellaceae.g__GGB4266	k__Bacteria.p__Firmicutes.c__Negativicutes.o__Veillonellales.f__Veillonellaceae.g__GGB4285	k__Bacteria.p__Firmicutes.c__Negativicutes.o__Veillonellales.f__Veillonellaceae.g__Megasphaera	k__Bacteria.p__Firmicutes.c__Negativicutes.o__Veillonellales.f__Veillonellaceae.g__Negativicoccus	k__Bacteria.p__Firmicutes.c__Negativicutes.o__Veillonellales.f__Veillonellaceae.g__Veillonella	k__Bacteria.p__Firmicutes.c__Tissierellia.o__Tissierellales.f__Peptoniphilaceae.g__Anaerococcus	k__Bacteria.p__Firmicutes.c__Tissierellia.o__Tissierellales.f__Peptoniphilaceae.g__Finegoldia	k__Bacteria.p__Firmicutes.c__Tissierellia.o__Tissierellales.f__Peptoniphilaceae.g__Helcococcus	k__Bacteria.p__Firmicutes.c__Tissierellia.o__Tissierellales.f__Peptoniphilaceae.g__Peptoniphilus	k__Bacteria.p__Fusobacteria.c__Fusobacteriia.o__Fusobacteriales.f__Fusobacteriaceae.g__Fusobacterium	k__Bacteria.p__Proteobacteria.c__Alphaproteobacteria.o__Hyphomicrobiales.f__Methylobacteriaceae.g__Methylobacterium	k__Bacteria.p__Proteobacteria.c__Alphaproteobacteria.o__Hyphomicrobiales.f__Rhizobiaceae.g__Rhizobium	k__Bacteria.p__Proteobacteria.c__Betaproteobacteria.o__Burkholderiales.f__Sutterellaceae.g__Duodenibacillus	k__Bacteria.p__Proteobacteria.c__Betaproteobacteria.o__Burkholderiales.f__Sutterellaceae.g__Parasutterella	k__Bacteria.p__Proteobacteria.c__Betaproteobacteria.o__Burkholderiales.f__Sutterellaceae.g__Sutterella	k__Bacteria.p__Proteobacteria.c__Betaproteobacteria.o__Neisseriales.f__Chromobacteriaceae.g__Microvirgula	k__Bacteria.p__Proteobacteria.c__Betaproteobacteria.o__Neisseriales.f__Neisseriaceae.g__Eikenella	k__Bacteria.p__Proteobacteria.c__Betaproteobacteria.o__Neisseriales.f__Neisseriaceae.g__Neisseria	k__Bacteria.p__Proteobacteria.c__CFGB13104.o__OFGB13104.f__FGB13104.g__GGB6612	k__Bacteria.p__Proteobacteria.c__CFGB2397.o__OFGB2397.f__FGB2397.g__GGB36599	k__Bacteria.p__Proteobacteria.c__Deltaproteobacteria.o__Desulfovibrionales.f__Desulfovibrionaceae.g__Bilophila	k__Bacteria.p__Proteobacteria.c__Deltaproteobacteria.o__Desulfovibrionales.f__Desulfovibrionaceae.g__Desulfovibrio	k__Bacteria.p__Proteobacteria.c__Deltaproteobacteria.o__Desulfovibrionales.f__Desulfovibrionaceae.g__GGB9818	k__Bacteria.p__Proteobacteria.c__Gammaproteobacteria.o__Aeromonadales.f__Aeromonadaceae.g__Aeromonas	k__Bacteria.p__Proteobacteria.c__Gammaproteobacteria.o__Enterobacterales.f__Enterobacteriaceae.g__Atlantibacter	k__Bacteria.p__Proteobacteria.c__Gammaproteobacteria.o__Enterobacterales.f__Enterobacteriaceae.g__Citrobacter	k__Bacteria.p__Proteobacteria.c__Gammaproteobacteria.o__Enterobacterales.f__Enterobacteriaceae.g__Cronobacter	k__Bacteria.p__Proteobacteria.c__Gammaproteobacteria.o__Enterobacterales.f__Enterobacteriaceae.g__Enterobacter	k__Bacteria.p__Proteobacteria.c__Gammaproteobacteria.o__Enterobacterales.f__Enterobacteriaceae.g__Escherichia	k__Bacteria.p__Proteobacteria.c__Gammaproteobacteria.o__Enterobacterales.f__Enterobacteriaceae.g__Klebsiella	k__Bacteria.p__Proteobacteria.c__Gammaproteobacteria.o__Enterobacterales.f__Enterobacteriaceae.g__Kluyvera	k__Bacteria.p__Proteobacteria.c__Gammaproteobacteria.o__Enterobacterales.f__Enterobacteriaceae.g__Kosakonia	k__Bacteria.p__Proteobacteria.c__Gammaproteobacteria.o__Enterobacterales.f__Enterobacteriaceae.g__Leclercia	k__Bacteria.p__Proteobacteria.c__Gammaproteobacteria.o__Enterobacterales.f__Enterobacteriaceae.g__Phytobacter	k__Bacteria.p__Proteobacteria.c__Gammaproteobacteria.o__Enterobacterales.f__Enterobacteriaceae.g__Pluralibacter	k__Bacteria.p__Proteobacteria.c__Gammaproteobacteria.o__Enterobacterales.f__Enterobacteriaceae.g__Pseudescherichia	k__Bacteria.p__Proteobacteria.c__Gammaproteobacteria.o__Enterobacterales.f__Enterobacteriaceae.g__Raoultella	k__Bacteria.p__Proteobacteria.c__Gammaproteobacteria.o__Enterobacterales.f__Erwiniaceae.g__Mixta	k__Bacteria.p__Proteobacteria.c__Gammaproteobacteria.o__Enterobacterales.f__Erwiniaceae.g__Pantoea	k__Bacteria.p__Proteobacteria.c__Gammaproteobacteria.o__Enterobacterales.f__Hafniaceae.g__Hafnia	k__Bacteria.p__Proteobacteria.c__Gammaproteobacteria.o__Enterobacterales.f__Morganellaceae.g__Morganella	k__Bacteria.p__Proteobacteria.c__Gammaproteobacteria.o__Enterobacterales.f__Morganellaceae.g__Proteus	k__Bacteria.p__Proteobacteria.c__Gammaproteobacteria.o__Enterobacterales.f__Yersiniaceae.g__Serratia	k__Bacteria.p__Proteobacteria.c__Gammaproteobacteria.o__Moraxellales.f__Moraxellaceae.g__Acinetobacter	k__Bacteria.p__Proteobacteria.c__Gammaproteobacteria.o__Moraxellales.f__Moraxellaceae.g__Moraxella	k__Bacteria.p__Proteobacteria.c__Gammaproteobacteria.o__Pasteurellales.f__Pasteurellaceae.g__Aggregatibacter	k__Bacteria.p__Proteobacteria.c__Gammaproteobacteria.o__Pasteurellales.f__Pasteurellaceae.g__Haemophilus	k__Bacteria.p__Proteobacteria.c__Gammaproteobacteria.o__Pseudomonadales.f__Pseudomonadaceae.g__Pseudomonas	k__Bacteria.p__Proteobacteria.c__Gammaproteobacteria.o__Vibrionales.f__Vibrionaceae.g__Vibrio	k__Bacteria.p__Proteobacteria.c__Gammaproteobacteria.o__Xanthomonadales.f__Xanthomonadaceae.g__Stenotrophomonas	k__Bacteria.p__Synergistetes.c__Synergistia.o__Synergistales.f__Synergistaceae.g__GGB9469	k__Bacteria.p__Verrucomicrobia.c__Verrucomicrobiae.o__Verrucomicrobiales.f__Akkermansiaceae.g__Akkermansia
1010	0	0	0	0	0	0	0	0	76.81149	0	0	0	0	0	0	0	0	0	0	0.03895359	0	0	0	0	0	0	0	0	0	0	0	0	0.4224572	8.168298	0	0	0	0	0	0	0	0	0	3.568982	0	0	0	0	0	0	0	0	0	0	0	0	0	0	9.38115e-4	0	0.02699808	0	0	0	0	0	0	0	0	0	0	0	0	0	0	0	0	0	0	0	0	0	0	0	0	0	0	0	0	0	0	0	0	0	0	0	0	0	0	0	0	0	0	0	0	0	9.310071	0	0	0	0	0	0	0	0	0	0	0	0	0	0	0	0	0	0	0	0	0	0	0	0	0	0	0	0	0	0	0	0	0	0	0	0	0	0	0	0	0	0	0	0	0	0	0	0	0	0	0	0	0	0	0	0	0	0	0	1.651268	0	0	0	0	0	0	0	0	0	0	0	0	0	0	0	0	0	0	5.454157e-4	0	0	0	0
1011	0	0	0	0	0	0	0	0	40.106663954	0	0	0	0	0	0	0	0	0	0	0	0	0	0	0	0	0	0	0	0	0	0	0	9.071896027	12.374994856	0	0	0	0	0	0	0	0	0	15.708336624	0	0	0	0	0	0	0	0.130027323	0	0	0	0	0	0	0	0	3.045174906	0	0	0	0	0	0	0	0	0	0	0	0	0	0	0	0	1.333592394	0	0	0	0	0	0	0	0	0	0	0	0	0	0	0	0	0	0	0	0	0	0	0	0	0	0	0	0	0	0	0	0	0	0	0	0	0	0	0	0	0	0	0	0	0	0	0	0	0	0	0	0	0	0	0	0	0	0	0	0	0	0	0	0	0.002849841	0	0	0	0	0	0	0	0	0	0	0	0	0	0	0	1.375341232	0	0	0	0	0	0	0	16.696405778	0	0	0	0	0	0	0	0	0	0	0	0	0	0	0	0.141613125	0	0	0.013103942	0	0	0	0
1012	0	0	0	0	0	0	0	0	57.975735785	0	0	0	0	0	0	0	0	0	0	0	0	0	0	0	0	0.024490672	0	0	0.361603771	0	0	0	2.850480177	5.053723447	0	0	0	0	0	0	0	0	0.311304591	10.535954584	0	0	0	0	0	0	0	0.002414276	0	0	0	0	0	0	0	0	0.010964399	0	0	0	0	0	0	0	0	0	0	0	0	0	0	0	0	0	0	0	0	0	0	0	0	0	0	0	0	0	0	0.278105655	0	0	0	0	0	0	0	0	0	0	0	0	0	0	0.345125544	0	0	0	0	0	0	0	0	6.453877201	0	0	0	0	0	0	0	0	0	0	0	0	0	0	0	0	0	0	0	0	0	0	0	0	0	0	14.141186036	0	0	0	0	0	0	0	0	0	0	0	0	0	0	0	0.761646195	0	0	0	0	0	0	0.316807875	0.568345949	0	0	0	0	0	0	0	0	0	0	0	0	0	0	0	0	0	0.008233842	0	0	0	0	0
1013	0	0	0	0	0	0	0	0	99.121721524	0	0	0	0	0	0	0	0	0	0	0	0	0	0	0	0	0	0	0	0	0	0	0	0.150973176	0.043389929	0	0	0	0	0	0	0	0	0	0	0	0	0	0	0	0	0	0	0	0	0	0	0	0	0.003952123	0	0.468112782	0	0	0	0	0	0	0	0	0	0	0	0	0	0	0	0	0	0	0	0	0	0	0	0	0	0	0	0	0	0	0	0	0	0	0	0	0	0	0	0	0	0	0	0	0	0	0	0	0	0	0	0	0	0	0	0	0	0	0	0	0	0	0	0	0	0	0	0	0	0	0	0	0	0	0	0	0	0	0.064745991	0	0	0	0	0	0	0	0	0	0	0	0	0.027122616	0	0	0	0	0	0	0	0	0	0	0	0	0	0.111796065	0.008185795	0	0	0	0	0	0	0	0	0	0	0	0	0	0	0	0	0	0	0	0	0	0
1014	0	0	0	0	0	0	0	0	0.02333734	0	0.138130877	0	0	0	0	0	0	0.931168052	0	0	0	0	0	0	0	0	0	0	0.247630565	0	0	0	0.021152021	0	0	0	0	0	0	0	0	0	0	0	0	0	0	0	0	0	0	0	0	0	0	0	0	0	0	0	0.4181439	0	0	0	0	0	0	0	0	0	0	0	0	0	0	0	0	3.812856268	0	0	0	0	0	0	0	0	0	0	0	0	0	0	0	0	0	0	0	0	0	0	0	0	0	0	0	0	0	0	0	0	0	0	0	0	0	0	0	0	0	0	0	0	0	0	0	0	0	0	0	0	0	0	0	0	0	0	0	0	0	0	0	0	0.02333734	0	0	0	0	0	0	0	0	0	0	0	0	0	0	0	0.003015039	0	0	0	0	39.699550151	0	0	0.009629428	54.663132448	0	0	0	0	0	0	0	0	0	0	0	0	0	0	0	0	0.005036752	0.003879818	0	0	0	0
1015	0	0	0.07867397	0	0	0	0	0	55.03032	0	0	0	0	0	0	0	0	0	0	0	0	0	0	0	0	0.01192683	0	0	0.5510976	0	0	0	5.713393	23.24807	3.320791	0	0	0.753125	0	0	0	6.055792e-4	1.002757	3.131686	0	0	0	0	0	0	0	0.01602219	0	0	0.01136231	0	0	0	0	0	0.02924229	0	0	0	0	0	0	0	0	0	0	0	0	0.208853	0	0.04839501	0	0	0	0	0	0.05138185	0	0	0	0	0	0	0	0	0	0.1347465	0	0	0	0	0	0	0	0	0	0	0.2980476	0	0.002791823	0	0.05861801	0	0	0	0	0	0	0.2840782	0	0.3562037	0	2.019114	0	0	0	0	0	0	0	0	0	0.8012018	0	0	0	0	0	0	1.752977	0	0	0	0	0	0	0	0	0	0	0	0	0	0	0	0	0	0.7261716	0	0	0	0	0	0.09978713	0	0	0	0	0.05990102	0	0.08695707	0	0.1010188	0	0	0	0	0	0	0	0	0	0	0	0	0	0	0	0	0	0	0	0	0	0.01068488
1016	0	0	0	0	0	0	0	0	0.05576982	0	0.006833767	0	0	0	0	0	0	0	0	0	0	0	0	0	0	0	0	0	0	0	0	0	0.17626405	0	0	0	0	0	0	0	0	0	0	0	0	0	0	0	0	0	0	0.954920705	0	0	4.256572591	0	0	0	0	0	26.811537283	0	0	0	0	0	0	0	0	0	0	0	0	0	0	0	0	0.581184362	0	0	0	0	0	0	0	0	0	0	0	0	0	0	0	0	0	0	0	0	0	0	0	0	0	0	0	0	0	0	0	0	0	0	0	0	0	0	0	0	0	0	0	0	0	0	0	0	0	0	0	0	0	0	0	0	0	0	0	0	0	0	0	0	60.079884376	0	0	0	0	0	0	0	0	0	0	0	0	0	0	0	0	0	0	0	0	0	0	6.680438932	0	0	0	0	0	0	0	0	0	0	0	0	0	0	0	0	0	0	0	0.396594114	0	0	0	0
1017	0	0	0	0	0	0	0	0	0.158695216	0	0	0	0	0	0	0	0	0	0	0	0	0	0	0	0	0	0	0	0	0	0	0	0.101986168	0	0	0	0	0	0	0	0	0	0	0	0	0	0	0	0	0	0	0.031115952	0	0	1.181080163	0	0	0	0	0	1.02341485	0	0	0	0	0	0	0	0	0	0	0	0	0	0	0	0	0	0	0	0	0	0	0	0	0	0	0	0	0	0	0	0	0	0	0	0	0	0	0	0	0	0	0	0	0	0	0	0	0	0	0	0	0	0	0	0	0	0	0	0	0	0	0	0.347154635	0	0	0	0	0	0	0	0	0	0	0	0	0	0	0	0	0	0.178842698	0	0	0	0	0	0	0	0	0	0	0	0	0	0	0	0	0	0	0	0	5.909777901	0	0	0.010620877	90.708418944	0	0	0	0	0	0	0	0	0	0	0	0	0	0	0	0	0.341116827	0.007775769	0	0	0	0
1020	0	0	0	0	0	0	0	0	45.231684932	0	0	0	0	0	0	0	0	0	0	0	0	0	0	0	0	9.204768732	0.320876137	0	0.046088098	0	0	0	2.597380128	13.859312276	0	0	0	0	0	0	0	0	0.858633149	1.984081158	0	0	0	0	0	0	0	0	0	0	0	0	0	0.122786948	0.981034466	0	0.231920479	0	0	0	0	0	0	0	0	0	0	0	0	0	0	0	0.006691216	0.049767225	0.192606977	0	0	0	0	0	0	0	0	0	0	0	0	0.437451301	0.002855753	0	0	0	0	0	0	0	0	0	0	0	0	0	1.180822515	0.934852566	0	0	0	0	0	0	0	0	0	0	0	0	0	0	0	0	0	0	0	0	2.081051684	0.021741242	0	0	0	0	0.073353242	0	0	0	0	0	4.500145289	0	6.906690258	0	0	0	0	0	0	0	0	2.101844483	0	0	0	0	0	0	0.322053874	0	0	0	0	0	0	0.004606725	3.226448273	0.007545858	0	0	0	0	0	0	0	0	0	0	0	0	0	0	0	0	0	0	0.011871177	0	0	2.499033838
1022	0	0	0	0	0	0	0	0	61.068631219	0	0.013203949	0	0	0	0	0	0	0.014795752	0	0.010054698	0	0	0	0	0	0	0	0	1.090637037	0	0	0	11.849496509	0.007386424	0	0	0	0	0	0	0	0	0	3.836199571	0	0	0	0	0	0	0	0.06321405	0	0	0	0	0	0	0	0	0.207243597	0	0	0	0	0	0	0	0	0	0	0	0	0	0	0	0	0	0	0	0	0	0	0	0	0	0	0	0	0	0	0	0	0	0	0	0	0	0	0	0	0	0	0	0	0	0	0	0	0	0	0	0	0	0	0	0	0	0.055392456	0	0	0	0	0	0	0	0	0	0	0	0	0	0	0	0	0	0	0	0	0	0	0	0	0	0	0	0	0	0	0	0	0	0	0	0	0	0	0	0	0	0	0	0	0	0	0	21.783744736	0	0	0	0	0	0	0	0	0	0	0	0	0	0	0	0	0	0	0	0	0	0	0
1023	1.36599336	0	0	0	0	0	0	0	0.01478153	0	0.15386694	0	0	0	0	0	0	0.10387961	0	0	0	0	0.59532973	0	0	0	0	0	0	0	0	0	41.60491851	0	0	0	0	0	0	0	0	0	0	0	0	0	0	0	0	0	0	0.0677129	0.11778202	0	0.50134536	0	0	0	0	0	7.35022353	0	0	0	0	0	0	0	0	0	0	0	0	0	0	0	0	0.02383854	0	0	0	0	0	0	0	0	0	0	0	0	0	7.11797154	0	0	0	0	0	0	0	0	0	0	0	0	0	0	0	0	0	0	0	0	0	0	0	0	0	0	0	0	0	0	0	0	0	0	4.84693142	0	0	0	0	0	0	0	0	0	0	0	0	0	0	0	15.08223172	0	0	0	0	0	0	0	0	0	0	0	0	0	0	0	0	0	0	0	0	0	0	0	21.02007283	0	0	0	0	0	0	0	0	0	0	0	0	0	0	0	0	0	0.01435219	0.01876825	0	0	0	0
1024	0	0	0	0	0	0	0	0	83.201270464	0	0	0	0	0	0	0	0	0.017470833	0	0	0	0	0	0	0	7.081610244	0	0	0.143041163	0	0	0	3.146843995	0	0	0	0	0	0	0	0	0	0.001837414	0	0	0	0	0	0	0	0	0.028310551	0	0	1.089206874	0	0.041357219	0	0	0	0.153264988	0	0	0	0	0	0	0	0	0	0	0	0	0	0	0	0	0.327347161	0	0	0	0	0	0	0	0	0	0	0.013272495	0	0	0	0	0	0.114792201	0	0	0	0	0	0	0	0	0	0	0	1.002006682	0	0	0	0	0	0	0	0	2.155410143	0	0	0	0	0	0	0	0	0	0	0	0	0	0	0	0	0	0	0.069595916	0	0	0	0	0	1.106328702	0	0.114689552	0	0	0	0	0	0	0	0	0	0	0	0	0	0	0	0	0	0	0	0	0	0	0.001601322	0	0.128557411	0	0	0	0	0	0	0	0	0	0	0	0.062184669	0	0	0	0	0	0	0	0	0	0
1026	0.032572045	0	0	0	0	0	0	0	91.025400979	0	0	0	0	0	0	0	0	0	0	0	0	0	0.06151433	0	0	0	0	0	0	0	0	0	2.533689979	1.156339537	0	0	0	0	0	0	0	0	0	0.358782142	0	0	0	0	0	0	0	0.019447427	0	0	0	0.123880216	0	0	0	0	0.393323412	0	0	0	0	0	0	0	0	0	0	0	0	0	0	0	0	0.042333014	0	0	0	0	0	0	0	0	0	0	0	0	0	0	0	0	0	0	0	0	0	0	0	0	0	0	0	0	1.463868607	0	0	0	0	0	0	0	0	0.194346536	0	0	0	0	0	0	0	0	0	0	0.126168775	0	0	0	0	0	0	0	0	0	0	0	0	0	0	0	0.004151339	0	0	0	0	0	0	0	0	0	0	0	0	0	0	0	0	0	0	0	0	0	0	0	2.464181661	0	0	0	0	0	0	0	0	0	0	0	0	0	0	0	0	0	0	0	0	0	0	0
1028	0	0	0	0	0	0	0	0	78.376137885	0	0.006742437	0	0	0	0	0	0	0.031048924	0	0	0	0	0	0	0	0	0	0	0	0	0	0	1.651829746	3.41835959	0	0	0	0	0	0	0	0.007427919	0	1.200086438	0	0	0	0	0	0	0	0.060715649	0	0	0.059131176	0	0	0	0	0	1.595395545	0	0	0	0	0	0	0	0	0	0	0	0	0	0	0	0	0	0	0	0	0	0	0	0	0	0	0	0	0	0	0	0	0	0	0	0	0	0	0	0	0	0	0	0	0	0	0	0	0	0	0	0	0	0	0.899834462	0	0	0.0054389	0	0	0	0	0	0	0	0.860840699	2.813034795	0	0	0	0	0	0	0	0	0	0	0	0	0	0	4.616704231	0	0	0	0	0	0	0	0	0	0	0	0	0	0	0.822880776	0.114587724	0	0	0	0	0	0	0	3.456960044	0	0	0	0	0	0	0	0	0	0	0	0	0	0	0	0	0	0	0	0.002843061	0	0	0
1029	0	0	0	0	0	0	0	0	0.018156686	0	0	0	0	0	0	0	0	0	0	0.085746416	0	0	0	0	0	0.219637335	0	0	0	0	0	0	0.019398369	0	0	0	0	0	0	0	0	0	0	0	0	0	0	0	0	0	0	8.150407647	0	0	14.083637897	0	0	0	0	0	5.70970387	0	0	0	0	0	0	0	0	0	0	0	0	0	0	0	0	12.289171587	0	0	0	0	0	0	0	0	0	0	0	0	0	0	0	0	0	0	0	0	0	0	0	0	0	0	0	0	0	0	0	0	0	0	0	0	0	0	0	0	0	0	0	0	0	0	0	0	0	0	0	0	0	0	0	0	0	0	0	0	0	0	0	0	59.005529004	0	0	0	0	0	0	0	0	0	0	0	0	0	0	0	0	0	0	0	0	0	0	0	0.004099897	0	0	0	0	0	0	0	0	0	0	0	0	0	0	0	0	0	0.311967013	0.102544279	0	0	0	0
1031	0	0	0	0	0	0	0	0.005911572	0.313202461	0	0.021835868	0	0	0	0	0	0	0	0	0.068278654	0	0	0	0	0	0	0	0	0	0	0	0	0.92032088	0.07688738	0	0	0	0	0	0	0.002771049	0	0	0.064436132	0	0	0	0	0	0	0	1.886456441	0	0	0.14136046	0	0	0	0	0	94.479367876	0	0	0	0	0	0	0	0	0	0	0	0	0	0	0	0	0	0	0	0	0	0	0	0	0	0	0	0	0	0	0	0	0	0	0	0	0	0	0	0	0	0	0	0	0	0	0	0	0	0	0	0	0	0	0	0	0	0	0	0	0	0	0	0	0	0	0	0	0	0	0	0	0	0	0	0	0	0	0	0	0	0.754759924	0	0	0	0	0	0	0	0	0	0	0	0	0	0	0	0	0	0	0	0	0	0	0.071714755	0.786534622	0.009901883	0	0	0	0	0	0	0	0	0	0	0	0	0	0	0	0	0.277252715	0.119007329	0	0	0	0
1032	0	0	0	0	0	0	0	0	0.032873177	0	0.031134397	0	0	0	0	0	0	0	0	0	0	0	0	0	0	0	0	0	0.254005127	0	0	0	14.01985769	30.366755829	0	0	0	0	0	0	0.003907142	0	1.251645704	3.884537619	0	0.481335318	0	0	0	0	0	0.136259012	0	0	0.994398263	0	0	0	0	0	13.587504838	0	0	0	0	0	0	0	0	0	0	0	0	1.687138589	0	0.014503474	0	2.977364762	0.599511014	0	0	0	0	3.374655619	0	0	0	0	0.352328043	0	0	1.09265981	0	0	0	0	0	0	0	0	0.243603129	0	0	0	0	0	12.937743071	0	0	0	0	0	0.5849564	0	0	0	0	0	0.004694707	0	0.006351662	0	0	0	0	0	0.170533441	0	0	0	0	0	0	0	0	0	0	0	0	0	0.058238914	0	4.784284862	0	0	0	0	0	0	0	0	0	3.292329483	0	0	0	0	0	0.548493152	0	0	0	0	0	0	0.25181631	0.067740837	1.900998346	0	0	0	0	0	0.005840256	0	0	0	0	0	0	0	0	0	0	0	0	0	0	0	0
1033	0	0	0.004037934	0	0	0	0	0	0.307107325	0	0.268859115	0	0	0	0	0	0	10.671362635	0	0	0	0	0	0	0	0	0	0	0	0	0	0	0.004262264	0.049913353	0	0	0	0	0	0	0	0	0.013011121	0.053839122	0	0	0	0	0	0	0	1.487754404	0	0	3.539810105	0.172397355	0	0	0	0	10.70557291	0	0	0	0	0	0	0	0	0	0	0	0	0	0	0	0.221749884	14.6285381	0	0	0	0	0	0	0	0	0	0	0.012898956	0	0	0	0	0	0	0	0	0	0	0	0	0	0	0	0	0	0	0	0	0	0	0	0	0	0	0	0	0	0	0	0	0	0	0	0	0	0	0	0	0	0	0	0	0	0	0	0	0	0	0	0	0	46.90688636	0	0	0	0	0	0	0	0	0	0	0	0	0	0	0	0	0	0	0	0	0	0	0	0.012786791	0	0	0	0	0	0	0	0	0	0	0	0	0	0	0	0	0	10.382874673	0.556337594	0	0	0	0
1035	0	0	0	0	0	0	0	0	98.80411	0	0	0	0	0	0	0	0	0	0	0	0	0	0	0	0	0	0	0	0	0	0	0	0.02066663	6.844066e-4	0	0	0	0	0	0	0	0	0	0.002065441	0	0	0	0	0	0	0	0.8793158	0	0	0	0	0	0	0	0	0.2694484	0	0	0	0	0	0	0	0	0	0	0	0	0	0	0	0	0	0	0	0	0	0	0	0	0	0	0	0	0	0	0	0	0	0	0	0	0	0	0	0	0	0	0	0	0	0	0	0	0.002493195	0	0	0	0	0	0	0	0	0	0	0	0	0	0	0	0	0	0	0	0	0	0	0	0	0	0	0	0	0	0	0	0	0	0	0	0	0	0	0	0	0	0	0	0	0	0	0	0	0	0	0	0	0	0	0	0	0.004314206	0	0	0	0	0	0	0	0	0	0	0	0	0	0	0	0	0	0.00560969	0.01129271	0	0	0	0
1037	0	0	0	0	0	0	0	0	0.001545422	0	0	0	0	0	0	0	0	0.243403946	0	0.045976301	0	0	0	0	0	0	0	0	0	0	0	0	0	0	0	0	0	0	0	0	0	0	0	0	0	0	0	0	0	0	0	9.460531857	0.030444811	0	0	0	0	0	1.044164294	0	31.140250899	0	0	0	0	0	0	0	0	0	0	0	0	0	0	0	0	4.122876494	0	0	0	0	0	0	0	0	0	0	0	0	0	0	0	0	0	0	0	0	0	0	0	0	0	0	0	0	0	0	0	0	0	0	0	0	0	0	0	0	0	0	0	0	0	0	0	0	0	0	0	0	0	0	0	0	0	0	0	0	0	0	0	0	0	0	0	0	0	0	0	0	0	0	0	0	0	0	0	0	0	0	0	0	0	0	0	0	0	53.757345583	0	0	0	0	0	0	0	0	0	0	0	0	0	0	0	0	0	0.153460393	0	0	0	0
1038	0	0	0	0	0	0	0	0	90.35756	0	0	0	0	0	0	0	0	0	0	0	0	0	0	0	0	0	0	0	0	0	0	0	4.649937	5.02758e-4	0	0	0	0	0	0	0	0	0	0	0	0	0	0	0	0	0	0.1350025	0	0	0.004991669	0	0	0	0	0	0.5138546	0	0	0	0.01096491	0	0	0	0	0	0	0	0	0	0	0	0	0	0	0	0	0	0	0	0	0	0	0	0.7118095	0	0	0	0	0	0	0	0	0	0	0	0	0	0	0	0	0	0	0	0	8.020187e-4	0	0	0	0	0	0	0	0	0.009408757	0	0	0	0	0	0	0	0	0	0	0	0	0	0	0	0	0	0	0	0	0	0	0.07207395	0.002250441	0	0	0	0	0	0	0	0	0	0	0	0	0	0	0	0	0	0	0	0	0	0	0	0	0	0	0	0	3.530845	0	0	0	0	0	0	0	0	0	0	0	0	0	0	0	0	0	0
1039	0.005354584	0	0.405180715	0	0	0	0	0	83.578856838	0	0	0	0	0	0	0	0	0	0	0.001168085	0	0	0	0	0	0.013469155	0	0	0.519890779	0	0	0	10.162513677	0.001302466	0	0	0	0	0	0	0	0	0	0.695527321	0	0	0	0	0	0	0	0	0	0	0	0.419177058	0	0	0	0	0.325296117	0	0	0	0	0	0	0	0	0	0	0	0	0	0	0	0	0.13430908	0	0	0	0	0	0	0	0	0	0	0	0	0	0	0	0	0	0	0	0	0	0	0	0	0	0	0	0	2.234721993	0	0	0	0	0	0	0	0	0.534434985	0	0	0	0	0	0	0	0	0	0	0.014389151	0	0	0	0	0	0	0	0.046030812	0	0	0	0	0	0	0	0	0	0	0	0	0	0	0	0	0	0	0	0	0	0	0	0.127590008	0	0	0	0	0	0	0	0.78078717500000006	0	0	0	0	0	0	0	0	0	0	0	0	0	0	0	0	0	0	0	0	0	0	0
1040	0	0	0	0	0	0	0	0.21665087	0.5389488	0	0	0	0	0	0	0	0	0	0	0	0	0	0	0	0	0	0	0	0	0	0	0	0.05386512	0.0226174	0	0	0	0	0	0	0	0.04196123	0	0	0	0	0	0	0	0	0	2.45443413	0	0	2.6815009	0	0	0	0	0	4.16651167	0	0	0	0	0	0	0	0	0	0	0	0	0	0	0	0	34.09468655	0	0	0	0	0	0	0	0	0	0	0	0	0	0	0	0	0	0	0	0	0	0	0	0	0	0	0	0	0	0	0	0	0	0	0	0	0	0	0	0	0	0	0	0	0	0	0	0	0	0	0	0	0	0	0	0	0	0	0	0	0	0	0	0	0	0	0	0	0	0	0	0	0	0	0	0	0	0	0	0	0	0	0	0	0	0	0	49.02157432	0	0.32720828	0	3.95863992	0	1.7061256	0	0	0	0	0	0	0	0	0	0	0	0	0	0.71527523	0	0	0	0
1042	0	0	0	0	0	0	0	0	0.06508427	0	0	0	0	0	0	0	0	0	0	0	0	0	0	0	0	0	0	0	0	0	0	0	47.21669016	0	0	0	0	0	0	0	0	0	0	0	0	0	0	0	0	0	0	0.06832937	0	0	0.24840194	0	0	0	0	0	0.02024844	0	0	0	0	0	0	0	0	0	0	0	0	0	0	0	0	0	0	0	0	0	0	0	0	0	0	0	0	0	0	0	0	0	0	0	0	0	0	0	0	0	0	0	0	0	0	0	0	0	0	0	0	0	0	0	0	0	0	0	0	0	0	0	0	0	0	0	0	0	0	0	0	0	0	0	0	0	0	0	0	0	12.75821927	0	0	0	0	0	0	0	0	0	0	0	0	0	0	0	0	0	0	0	0	0	0	0	27.61960253	12.003424	0	0	0	0	0	0	0	0	0	0	0	0	0	0	0	0	0	0	0	0	0	0
1043	0	0	0	0	0	0	0	0	61.593651044	0	0	0	0	0	0	0	0	0	0	0	0	0	0	0	0	0	0	0	0	0	0	0	0.038643936	0.004017439	0	0	0	0	0	0	0	0	0	0.004926145	0	0	0	0	0	0	0	1.225462336	0	0	0	0.484962264	0	0	0	0	0.124923218	0	0	0	0	0	0	0	0	0	0	0	0	0	0	0	0	0.478553492	0	0	0	0	0	0	0	0	0	0	0	0	0	0	0	0	0	0	0	0	0	0	4.366892286	0	0	0	0	0	0.005484123	0	0	0	0	0	0	0	0	0	0	0	0	0	0	0	0	0	0	0	0	0	0	0	0	0	0	0	0	0	0	0	0	0	0	0	0.046471565	0	0	0	0	0	0	0	0	0	0	0	0	0	0	0	0.001785528	0	0	0	0	0	0	31.597985733	0.004687012	0.007875456	0	0	0	0	0	0	0	0	0	0	0	0	0	0	0	0	0.005595718	0.008082704	0	0	0	0
1045	0	0	0	0	0	0	0	0	2.807788141	0	0	0	0	0	0	0	0	0	0	0	0	0	0	0	0	0	0	0	0	0	0	0	0	0.001589383	0	0	0	0	0	0	0	0	0	0	0	0	0	0	0	0	0	0	0	0	13.114245683	0	0.920904954	0.720751341	0.20949973	0	0.831002917	0	0	0	0	0	0	0	0	0	0	0	0	0	0	0	0	0.108961051	0	0	0	0	0	0	0	0	0	0	8.017555485	0	0	0	0	0	0	0	0	0	0	0	0	0	0	0	0	0	0	0	0	0	0	0	0	0	0	0	0	0	0	0	0	0	0	0	0	0	0	0	0	0	0	0	0	0	0	0	0	0	0	0	0.117030228	0	3.124252005	0	0	0	0	0	0	0	0	0	0	0	0.040563234	0	0	0	0	0	0	0	0	0	0.024370543	22.228326178	47.151186753	0.528598982	0	0	0.012253194	0	0	0	0	0	0	0	0	0	0	0.031067688	0	0	0	0.010052509	0	0	0	0
1047	0	0	0	0	0	0	0	0	34.926743094	0	0	0	0	0	0	0	0	0	0	0.713580925	0	0	0	0	0	0	0	0	0.859653941	0	0	0	0.013698584	0	0	0	0	0	0	0	0	0	0	4.920300691	0	0	0	0	0	0	0	0.16339969	0	0	0	0	0	0	0	0	0.16780765	0	0	0	0	0	0	0	0	0	0	0	0	0	0	0	0	0.315406499	0	0	0	0	0	0	0	0	0	0	0	0	0	0	0	0	0	0	0	0	0	0.018106544	0	0	0	0	0	0	0	0	0	0	0	0	0	0	0	0	0	0	0	0	0	0	0	0	0	0	0	0	0	0	0	0	0	0	0	0	0	0	0	0	0	0	0	0	0	0	0.199239796	0	0	0	0	0	0	0	0	0	0	0.006272866	0	0	0	0	0	0	0	0	28.864407757	28.687275575	0	0	0	0	0	0	0	0	0	0	0	0	0	0	0	0	0	0.144106388	0	0	0	0
1048	0	0	0	0	0	0	0	0	1.75772	0	0	0	0	0	0	0	0	0	0	0	0	0	0	0	0	0	0	0	0	0	0	0	3.927832	4.196859	0	0	0	0	0	0	0	0	0	9.05675	0	0	0	0	0	0	0	3.525785	0	0	3.136152	0	0	0	0	0	3.789287	0	0	0	0	0	0	0	0	0	0	0	0	0	0	0	0	0	0	0	0	0	0	0	0	0	0	0	0	0	0	0	0	0	0	0	0	0	0	0	0	0	0	0	0	0	64.483578	0	0	0	0	0	0	0	0	0	0	0	0	0	0	0	0	0	0	0	0	0	0	0	0	0	0	0	0	0	0	0	0	0	0	0	0	0	0	0	0	0	0	0	0	0	0	0	0	0	0	0	0	0	0	0	0	0	0	0	0	6.126037	0	0	0	0	0	0	0	0	0	0	0	0	0	0	0	0	0	0	0	0	0	0
1049	0	0	0	0	0	0	0	0	0	0	0	0	0	0	0	0	0	0	0	0	0	0	0	0	0	0	0	0	0	0	0	0	4.679985461	24.989370585	0	0	0	0	0	0	0	0	0	0.004341142	0	0	0	0	0	0	0	0	0	0	0.226994925	0	0	0	0	0	0	0	0	0	0	0	0	0	0	0	0	0	0	0	0	0	0	0.502157377	0	0	0	0	0	0	0	0	0	0	0	0	0	0	0	0	0	0	0	0	0	0	0	0	0	0	0	0	0	0	0	0	0	0	0	0	0	0	0	0.006096751	0	0	0	0	0	0	0	0	0	0	0	0	0	0	0	0	0	0	0	0	0	0	0	0	0	0	0	0	0	0	0	0	0	0	0	0	0	0	0	0	0	0	0	0	0	0	0	0	65.182591849	4.359198455	0	0	0	0	0	0	0.024269965	0	0	0	0	0	0	0	0	0	0	0	0.024993488	0	0	0
1050	0	0	0	0	0	0	0	0	0.114281884	0	0	0	0	0	0	0	0	0.058511558	0	0	0	0	0	0	0	0	0	0	0	0	0	0	54.354173288	0.002310297	0	0	0	0	0	0	0	0	0	0	0	0	0	0	0	0	0	1.053830514	0	0	0	0	0	0	0	0	0.223871351	0	0	0	0	0	0	0	0	0	0	0	0	0	0	0	0	0	0	0	0	0	0	0	0	0	0	0	0	0	0	0	0	0	0	0	0	0	0	0	0	0	0	0	0	0	0	0	0	0	0	0	0	0	0	0	0	0	0	0	0	0	0	0	0	0	0	0	0	0	0	0	0	0	0	0	0	0	0	0	0	0	0	0	0	0	0	0	0	0	0	0	0	0	0	0	0	0	0	0	0	0	0	0	0	0	44.175520311	0	0	0	0	0	0	0	0	0	0	0	0	0	0	0	0	0	0	0	0.017500798	0	0	0
1051	0	0	0	0	0	0	0	0	44.198004432	0	0	0	0	0	0	0	0	0	0	0	0	0	0	0	0	0	0	0	0.614586296	0	0	0	17.652236877	0	0	0	0	0	0	0	0	0	0	0.004391823	0	0	0	0	0	0	0	0	0	0	0.248742981	0.097953332	0	0	0.007416803	0	0.157467012	0	0	0	0	0	0	0	0	0	0	0	0	0	0	0	0	0.022978644	0	0	0	0	0	0	0	0	0	0	0	0	0	0	0	0	0	0	0	0	0	0	0	0	0	0	0	0	4.799746888	0	0	0	0	0.397011813	0	0	0	0.448481286	0	0	0	0	0	0	0	0	0	0	0	0	0	0	0	0	0	0	2.021672525	0	0	0	0	0	0	0	0	0	0	0	0	0	0	0	0	0	0	0	0	0	0	0	0.00392127	0	0	0	0	0	0	0	29.325388018	0	0	0	0	0	0	0	0	0	0	0	0	0	0	0	0	0	0	0	0	0	0	0
1052	0.189538421	0	0	0	0	0	0	0	0.067398241	0	0	0	0	0	0	0	0	0.116218424	0	0	0	0	0.093935309	0	0	0	0	0	0	0	0	0	0.738910614	45.444908087	0	0	0	0	0	0	0	0	0	0	0	0	0	0	0	0	0	0	0	0	0	0	0	0	0	0	0.091233046	0	0	0	0	0	0	0	0	0	0	0	0	0	0	0	0	0.008307348	0	0	0	0	0	0	0	0	0	0	0	0	0	2.032344611	0	0.989387178	0	0	0	0	0	0	0	0	0	0	0	0	0	0	0	0	0	0	0	0	0	6.874990038	0	0	0	0	0	0	0	0	0	0	0	0	0	0	0	0	0	0	0	0	0	0	0	0	0	0	2.424130534	0	0	0	0	0	0	0	0	0	0	0	0	0	0	0	0	0	0	0	0	0.519932304	0	0.253199939	0.422735279	39.649767706	0	0	0	0	0	0	0	0	0	0	0	0	0	0	0	0	0	0.083062922	0	0	0	0
1053	0	0	0	0	0	0	0	0	0.100379043	0	0	0	0	0	0	0	0	0.308264869	0	0	0	0	0	0	0	0	0	0	0	0	0	0	0.009267373	0	0	0	0	0	0	0	0	0	0	0	0	0	0	0	0	0	0	0	0	0	44.792904395	0	0	0	0	0.00288785	5.478356614	0	0	0	0	0	0	0	0	0	0	0	0	0	0	0	0	0	0	0	0	0	0	0	0	0	0	0	0	0	0	0	0	0	0	0	0	0	0	0	0	0	0	0	0	0	0	0	0	0	0	0	0	0	0	0	0	0	0	0	0	0	0	0	0	0	0	0	0	0	0	0	0	0	0	0	0	0	0	0	0	0	13.719480019	0	0	0	0	0	0	0	0	0	0	0	0	0	0	0	0	0	0	0	0	0	0	0	0	35.588459836	0	0	0	0	0	0	0	0	0	0	0	0	0	0	0	0	0	0	0	0	0	0
1054	0.079754349	0	0	0	0	0	0	0	96.536113192	0	0.041975973	0	0	0	0	0	0	0.309146483	0	0.006017649	0	0	0	0	0	0	0	0	0	0	0	0	0	0	0	0	0	0	0	0	0	0	0	0	0	0	0	0	0	0	0	1.496935344	0.00245953	0	0	0	0	0	0	0	0.877937314	0	0	0	0	0	0	0	0	0	0	0	0	0	0	0	0	0.019725428	0	0	0	0	0	0	0	0	0	0	0	0	0	0	0	0	0	0	0	0	0	0	0	0	0	0	0	0	0	0	0	0	0	0	0	0	0	0	0	0	0	0	0	0	0	0	0	0	0	0	0	0	0	0	0	0	0	0	0	0	0	0	0	0	0.433090381	0	0	0	0	0	0	0	0	0	0	0	0	0	0	0	0	0	0	0	0	0	0	0	0	0	0	0	0	0	0	0	0	0	0	0	0	0	0	0	0	0	0.167395589	0.029448769	0	0	0	0
1055	0	0	0	0	0	0	0.066044277	0	0.030943282	0	0	0	0	0	0	0	0	0.038099495	0	0	0	0	0	0	0	0	0	0	0	0	0	0	53.799794804	1.96383191	0	0	0	0	0	0	0	0	0	0	0	0	0	0	0	0	0	0.169013379	0	0	0	0	0	0	0	0	3.177173317	0	0	0	0	0	0	0	0	0	0	0	0	0	0	0	0	0	0	0	0	0	0	0	0	0	0	0	0	0	0	0	0	0	0	0	0	0	0	0	0	0	0	0	0	0	0	0	0	0	0	0	0	0	0	0	0	0	0	0	0	0	0	0	0	0	0	0	0	0	0	0	0	0	0	0	0	0	0	0	0	0	0.051901868	0	0.132691345	0	0.034405467	0	0	0	0	0	0	0	0	0	0	0	0	0	0	0	0	0	0	40.530397524	0	0	0	0	0	0	0	0	0	0	0	0	0	0	0	0	0	0	0	0.005703332	0	0	0	0
1056	3.805999	0	0	0	1.357978	0	0.1712673	0	19.90799	0	0.001801999	0.002144711	0	0	0	0	0	0	0	0	0	0	0	0.05471223	0	0	0	0	0	0	0	0.001580895	0	0	0	0	0	0	0	4.643188e-4	0	0.0126361	0	0	0	0	0	0	0	0	0	0	0	0	0.4908182	0	0	0	0	0	0.4595872	0	0	0	0	0	0	0	0	0	0	0	0	0	0	0	0	0.05042281	0	0	0	0	0	0	0	0	0	0	0	0	0	0	0	0	0	0	0	0	0	0	0	0	0	0	0	0	0	0	0	0	0	0	0	0	0	12.09961	0	0	0	0	0.01560996	0	0	0	0	0	0	0	0	0	0	0	0	0	0	0	0	0	0	0	0	0	9.799272	0	0	0	0	0	0	0	0	0	0	0	0	0	0	0.3523074	0	0	0	0	0.01688131	0	0	3.899692	10.42198	36.98389	0	0	0	0.08280352	0	0	0	0	0	0	0	0	0	0.009706474	0	0	0	8.512512e-4	0	0	0	0
1057	0	0	0	0	0	0	0	1.178014391	79.709197877	0	0	0	0	0	0	0	0	0	0	1.046104815	0	0	0	0	0	0	0	0	1.29014533	0	0	0	12.756836316	4.5755e-4	0	0	0	0	0	0	0	0	0	0	0	0	0	0	0	0	0	0	0	0	0.002402137	1.010623894	0	0	0	0	0.055810697	0	0	0	0	0	0	0	0	0	0	0	0	0	0	0	0	0	0.042843315	0	0	0	0	0	0	0	0	0	0	0	0	0.408748106	0	0	0	0	0	0	0	0	0	0	0	0	0	0	0.725518269	0	0	0	0	0	0	0	0	0	0	0.90064552	0	0	0	0	0	0	0	0	0.005116241	0	0	0	0	0	0	0	0	0	0	0	0	0	0	0	0.593858265	0	0	0	0	0	0	0	0	0	0	0	0	0	0	0	0	0	0	0	0	0	0	0	0.273677275	0	0	0	0	0	0	0	0	0	0	0	0	0	0	0	0	0	0	0	0	0	0	0
1058	0	0	0	0	0	0	0	0	1.91868876	0	0	0	0	0	0	0	0	0	0	0	0	0	0	0	0	0	0	0	2.77083543	0	0	0	8.31982535	33.94229151	0	0	0	0	0	0	0.02454522	0	0	10.02076457	0	0	0	0	0	0	0	0	0	0	1.77943009	0	0	0	0	0	12.50057714	0	0	0	0	0	0	0	0	0	0	0	0	0	0	0	0	0	0	0	0	0	0	0	0	0	0	0	0	0	0	0	0	0	0	0	0	0	0	0	0	0	0	0	0	0	0	0	0	0	0	0	0	0	0	0	0	0	0	0	0	0	0	0	0	0	0	0	0	0	0	0	0	0	0	0	0	0	0	0	0	0	11.03466539	0	0	0	0	0	0	0	0	0	0	0	0	0	0	0	0.03059094	0	0	0	0	0	0	0	0	17.02612146	0	0	0	0.63166414	0	0	0	0	0	0	0	0	0	0	0	0	0	0	0	0	0	0
1059	0	0	0	0	0	0	0	0	11.237887093	0	0	0	0	0	0	0	0	0	0	0	0	0	0	0	0	0	0	0	0	0	0	0	0.006217408	0	0	0	0	0	0	0	0	0	0	0	0	0	0	0	0	0	0	0	0	0	1.571190274	0	0	0	0	0	7.432272619	0	0	0	0	0	0	0	0	0	0	0	0	0	0	0	0	0.609198565	0	0	0	0	0	0	0	0	0	0	0	0	0	0	0	0	0	0	0	0	0	0	0	0	0	0	0	0	0	0	0	0	0	0	0	0	0	0	0	0	0	0	0.05228112	0	0	0	0	0	0	0	0	0	0	0	0	0	0	0	0	0	0	0	0	0	20.847994761	0	0	0	0	0	0	0	0	0	0	0	0	0	0	0	0	0	0	0	0	0	0	0.531964278	57.120829414	0.380419438	0	0	0	0.208133992	0	0	0	0	0	0	0	0	0	0	0	0	0	0.001611037	0	0	0	0
1061	0	0	0	0	0	0	0	0	58.321242182	0	0	0	0	0	0	0	0	0	0	0	0	0	0	0	0	0	0	0	0.55907895	0	0	0	8.677862744	6.745371305	0	0	0	0	0	0	0	0	0	4.159355897	0	0	0	0	0	0	0	0.770715123	0	0	0	0	0	0	0	0	0.626100035	0	0	0	0	0	0	0	0	0	0	0	0	0	0	0	0	0	0	0	0	0	0	0	0	0	0	0	0	0	0	7.104399155	0	0	0	0	0	0	0	0	0	0	0	0	0	0	0	0	0	0	0.926614374	0	0	0	0	0.189450826	0	0	0	0	0	0	0	0	0	0	0	0	0	0	0	0	0	0	0.134384115	0	0	0	0	0	0	0.614419217	3.681933249	0	0	0	0	0	0	0	0	0	0	0	0	0	0	0	0.313562934	0	0	0	0	6.65575454	0	0	0	0	0	0	0	0	0	0	0	0	0	0	0	0	0	0	0	0	0.517416455	0.002338899	0	0	0	0
1062	0	0	0	0	0	0	0	0	80.82733865	0	0	0	0	0	0	0	0	0.35217244	0	0	0	0	0	0	0	0	0	0	0	0	0	0	0.01260783	0	0	0	0	0	0	0	0	0	0	0	0	0	0	0	0	0	0	0.16025188	0	0	0	0	0	0	0	0	1.21760416	0	0	0	0	0	0	0	0	0	0	0	0	0	0	0	0	0	0	0	0	0	0	0	0	0	0	0	0	0	0	0	0	0	0	0	0	0	0	0	0	0	0	0	0	0	0	0	0	0	0	0	0	0	0	0	0	0	0	0	0	0	0	0	0	0	0	0	0	0	0	0	0	0	0	0	0	0	0	0	0	0	0	0	0	0	0	0	0	0	0	0	0	0	0	0	0	0	0	0	0	0	0	0	0	0	1.37718808	16.05283696	0	0	0	0	0	0	0	0	0	0	0	0	0	0	0	0	0	0	0	0	0	0
1063	0	0	0	0	0	0	0	0	65.89815761	0	0	0	0	0	0	0	0	0	0	0.020002645	0	0	0	0	0	0	0	0	0.333523922	0.068593639	0	0	3.157637811	8.286870027	0.323578816	0	0.585146365	0	0	0	0	0	0.438504591	0.498042357	0	0	0	0	0	0	0	0.001124318	0	0	0.06194994	0	0	0	0	0	0.036141724	0.434078865	0	0	0	0	0	0	0	0	0.074031252	0.004170199	0	0	0.584594427	0.040117722	0	0	0	0	0	0	0	0	0.018571695	0	0	0	0.794903281	0	0	0	0	0	0	0	0	1.514957624	0	0	0	0	0	0	0.008279071	0	0	0.557437028	0	0	0	0	0	0	0	0	0.004660811	10.170634727	0	0	0	0	0	0	0	0	0.018796558	0	0	0	0	0	0	0	2.125431815	0	0	0	0	0	0	0	0	0	0	0	0	0	0	0	0	0	0	0	0	0	0	0	0	0	0.171049702	0	0	0	0	0	3.496435809	0.272575648	0	0	0	0	0	0	0	0	0	0	0	0	0	0	0	0	0	0	0	0	0	0
1064	0	0	0	0	0	0	0	0	82.80636	0	0	0	0	0	0	0	0	0	0	0	0	0	0	0	0	0.03466629	0	0	0	0	0	0	9.858097	7.899824e-4	0	0	0	0	0	0	0	0	0	0	0	0	0	0	0	0	0	0	0	0	0.2010273	0.3907741	0	0	0	0	0.2565235	0	0	0	0	0	0	0	0	0	0	0	0	0	0	0	0	0.04354197	0	0	0	0	0	0	0	0	0	0	0	0	0	0	0	0	0	0	0	0	0	0	0	0	0	0	0	0	0.0023118599999999998	0	0	0	0	0	0	0	0	0	0	0	0	0	0	0	0	0	0	0	0	0	0	0	0	0	0	0	0	0	0	0	0	0	0	0	1.31711	0	0	0	0	0	0	0	0	0	0	0	0	0	0	0.04419254	0	0	0	0	0	0	0	0	5.042028	0	0	0	0	0	0	0	0	0	0	0	0	0	0	0	0	0	0.001208208	0.001370852	0	0	0	0
1065	0	0	0	0	0	0	0	0	89.918335474	0	0.001550315	0	0	0	0	0	0	0	0	3.715784801	0	0	0	0	0	0	0	0	0.003690424	0	0	0	2.001001638	0.036803129	0	0	0	0	0	0	0	0	0	1.307235691	0	0	0	0	0	0	0	0.045751143	0	0	0	0	0.010767949	0	0	0	0.060125259	0	0	0	0	0	0	0	0	0	0	0	0	0	0	0	0	0	0	0	0	0	0	0	0	0	0	0	0	0	0	0	0	0	0	0	0	0	0	0	0	0	0	0	0	0	0.162985286	0	0	0	0	0	0	0	0	0	0	0	0	0	0	0	0	0	0	0	0	0	0	0	0	0	0	0	0	0	0	0	0	0	0	0	9.4367e-4	0	0	0	0	0	0	0	0	0	0	0	0	0	0	0	1.349616584	0	0	0	0	0	0	0	1.337854411	0	0	0	0	0	0	0	0	0	0	0	0	0	0	0	0	0	0	0.047554226	0	0	0	0
1066	0	0	0	0	0	0	0	0	76.311299518	0	0	0	0	0	0	0	0	0	0	0	0	0	0	0	0	0	0	0	0.370405169	0	0	0	3.13705353	2.894919601	0	0	0.447109509	0.044166237	0	0	0	0	1.195971684	2.206957841	0	0	0	0	0	0	0	0	0	0	0.042336744	0	0	0	0.001839829	0	0.068735193	0	0	0	0	0	0	0	0	0	0	0	0	0	0	0	0.902849678	0	0.243932414	0	0	0.045241194	0.002015543	0	0	0	0	0	0	0	0	0.363945094	0	0	0	0	0	0	0	0	0	0	0.808832338	0	0	0	1.48679907	0	0	0	0	0	0.06376352	0	0	0.323076079	0	0	0	0	0	0	0	0	0	0	0	0	0	0	0	0	0	0	0	0	0	0	0	0	3.448656516	0	0.28391252300000003	0	0	0	0	0	0	0	0	0	1.328387707	0	0	0	0	0	0.287633526	0	0	0	0	0	0	0	3.311609912	0.207735324	0.16734177	0	0	0	0	0	0	0	0	0	0	0	0	0	0	0	0	0	0	0	0	0.003472936
1067	0	0	0	0	0	0	0	0	0.14906462	0.105526135	0.041776812	0	0	0	0	0	0	0	0	0	0	0	0	0	0	0	0	0	0	0	0	0	0.009060031	0	0	0	0	0	0	0	0	0	0	0	0	0	0	0	0	0	0	2.449654393	0	0	1.245715602	0	0	0	0	0	2.117085419	0	0	0	0	0	0	0	0	0	0	0	0	0	0	0	0	4.47931438	0	0	0	0	0	0	0	0	0	0	0	0	0	0	0	0	0	0	0	0	0	0	0	0	0	0	0	0	0	0	0	0	0	0	0	0	0	0	0	0	0.078810658	0	0	0	0	0	0	0	0	0	0	0	0	0	0	0	0	0	0	0	0	0	0	0	0.119696954	0	0	0	0	0	0	0	0	0	0	0	0	0	0	0	0	0	0	0	0	0	0	0	89.093270894	0	0	0	0	0	0	0	0	0	0	0	0	0	0	0	0	0	0	0.111024103	0	0	0	0
1068	0.004689077	0	0	0	0	0	0	0	75.44281	0	0.003440227	0	0	0	0	0	0	0	0	0.001142815	0	0	0	0	0	0	0	0	0	0.6682995	0	0	7.413855	0.002792239	0	0	0	0	0.02476492	0	0	0.05038991	3.677367	6.750975	0.02370458	0	0	0	0	0	0	0.08511028	0	0	0	0	0.1880815	0	0	0	1.47799	0	0	0	0	0	0	0	0	0	0	0	0	0	0	0	0	0	0	0	0	0	0	0	0	0	0	0	0	0	0	1.85142	0	0	0	0	0	0	0	0	0	0	0	0	0	0	0	0	0	0	0	0	0	0	0	0	0	0	0	6.362064e-4	0	0	0	0	0	0	0	0	0	0	0	0	0	0	0	0	0	0	0	0	0	0	0	0	0	0	0	0	0	0	0	0	0	0	0	0	0	0	0	0	0	0	0	0	0	0	2.332533	0	0	0	0	0	0	0	0	0	0	0	0	0	0	0	0	0	0	0	0	0	0	0
1070	0	0	0	0	0	0	0	0	0.016385947	0	0	0	0	0	0	0	0	0.022804611	0	0.065065449	0	0	0	0	0	0	0	0	0	0	0	0	6.747706468	32.718064923	0	0	0	0	0	0	0	0	0	0.033550589	0	0	0	0	0	0	0	0	0	0	1.785790169	0.721693637	0	0	0	0	0.685050521	0	0	0	0	0	0	0	0	0	0	0	0	0	0	0	0	0	0	0	0	0	0	0	0	0	0	0	0	0	0	0	0	0	0	0	0	0	0	0	0	0	0	0	0	0	0.012069758	0	0	0	0	0	0	0	0	0	0	0	0	0	0	0	0	0	0	0	0	0	0	0	0	0	0	0	0	0	0	0	0	0	0	0	10.093888253	0	0	0	0	0	0	0	0	0	0	0	0	0	0	0	0	0	0	0	0	0	0	0	0.005239498	47.048059884	0	0	0	0	0	0	0	0	0	0	0	0	0	0	0	0	0	0.004705537	0.039924756	0	0	0
1071	0	0	0	0	0	0	0	0	0.07014393	0	0	0	0	0	0	0	0	0	0	0.00563234	0	0	0	0	0	0	0	0	0	0	0	0	0.01320523	0	0	0	0	0	0	0	0	0	0	0	0	0	0	0	0	0	7.415125e-4	17.66518	0	0	11.22303	0	0	0	0	0	63.21899	0	0	0	0	0	0	0	0	0	0	0	0	0	0	0	0	1.37366	0	0	0	0	0	0	0	0	0	0	0	0	0	0	0	0	0	0	0	0	0	0	0	0	0	0	0	0	0	0	0	0	0	0	0	0	0	0	0	0	0	0	0	0	0	0	0	0	0	0	0	0	0	0	0	0	0	0	0	0	0	0	0	0	5.988518	0	0	0	0	0	0	0	0	0	0	0	0	0	0	0	0	0	0	0	0	0	0	0	0	0	0	0	0	0	0	0	0	0	0	0	0	0	0	0	0	0	0.4301561	0.01074404	0	0	0	0
1074	0.003215679	0	0	0	0	0	0	0	2.430246842	0	0.450264274	0	0	0.079792647	0	0	0	0.016516375	0.007918178	0	0	0	0.002973639	0	0.018268286	0.778851387	0	0	0	0	0	0.033839551	5.007481353	6.542870309	0	0	0	0	0	0	0	0.007307315	0	1.977896411	0	0	0.321567942	0	0	0	0	0	0	0	0	0	0	0	0.017645897	0.849204459	0.419052589	0	0	0	0	0	0	0	0	0	0	0	0	0	0	0	0	0.03114253	0	0	0	0	0	0	0	0	0	0	1.620033936	0.009139906	0	0	0	0	0	0	0	0	0	0	0	0	0	0.937699035	0.01604382	0	1.396699814	0	0	0.418199685	0	0	0	0	0	0.078282776	0	0	0	0	0	0	0	0	0	0	0	0	0	0	0	0	0	0	0	0.005025219	0.680894185	0	0	0	0.15549366	0	6.712321631	0	0	0	0	0	0	0	0	0	27.28530499	0	0	0	0	0	0	0	0	0	0	0.952371293	0	1.920406056	0.965429948	0.513021888	0.233027264	0	0	0	0	0	0	0	0	36.967220125	0	0	0.125227086	0	0	0.012102019	0	0	0	0	0	0
1075	0	0	0	0	0	0	0	0	84.39701584	0.051555511	0.138883555	0	0	0	0	0	0	0	0	0.196698982	0	0	0	0	0	0	0	0	0	0	0	0	0	0.010666275	0	0	0	0	0	0	0	0	0	0	0	0	0	0	0	0	0	0.330832105	0	0	0	0	0	0	0	0	0.196909866	0	0	0	0	0	0	0	0	0	0	0	0	0	0	0	0	1.370854942	0	0	0	0	0	0	0	0	0	0	0	0	0	0	0	0	0	0	0	0	0	0	0	0	0	0	0	0	8.65733e-4	0	0	0	0	0	0	0	0	0	0	0	0	0	0	0	0	0	0	0	4.180436076	0	0	0	0	0	0	0	0	0	0	0	0	0	0.470781178	0	3.115284783	0	0	0	0	0	0	0	0	0	0	0	0	0	0	0	0	0	0	0	0	0	0	0	4.822610194	0	0	0	0	0	0	0	0	0	0	0	0	0	0	0	0	0	0.696937281	0.019667678	0	0	0	0
1076	0	0	0	0	0	0	0	0	25.25587798	0	0	0	0	0	0	0	0	0	0	0	0	0	0	0	0	0	0	0	0.69208734	0	0	0	27.33833234	16.81997535	0	0	0	0	0	0	0	0	2.48226306	16.13666049	0	0	0	0	0	0	0	0.05256268	0	0	0	0	0	0	0	0	2.12773072	0	0	0	0	0	0	0	0	0	0	0	0	0	0	0	0	0	0	0	0	0	0	0	0	0	0	0	0	0	0	0	0	0	0	0	0	0	0	0	0	0	0	0	0	0	4.05763669	0	0	0	0	0	0	0	0	0	0	0	0	0	0	0	0	0	0	0	0	0	0	0	0	0	0	0	0	0	0	1.16046593	0	0	0	0	0	0	0	0	0	0	0	0	0	0	0	0	0	0	0	0	0	0	0	0	0	0	0.02659612	0.45978155	3.33380326	0.05622648	0	0	0	0	0	0	0	0	0	0	0	0	0	0	0	0	0	0	0	0	0	0
1077	0	0	0	0	0	0	0	0	0.077243598	0	0	0	0	0	0	0	0	0	0	0	0	0	0	0	0	0	0	0	0	0	0	0	55.159877712	0	0	0	0	0	0	0	0	0	0	1.787418469	0	0	0	0	0	0	0	1.229522845	0	0	3.172162005	0	0	0	0	0	2.802560988	0	0	0	0	0	0	0	0	0	0	0	0	0	0	0	0	0.074149587	0	0	0	0	0	0	0	0	0	0	0	0	0	0	0	0	0	0	0	0	0	0	0	0	0	0	0	0	0	0	0	0	0	0	0	0	0	0	0	0	0	0	0	0	0	0	0	0	0	0	0	0	0	0	0	0	0	0	0	0	0	0	0	0	0.324724513	0	0	0	0	0	0	0	0	0	0	0	0	0	0	0	0	0	0	0	0	1.093599717	0	0	34.056878601	0.004400965	0	0	0	0	0	0	0	0	0	0	0	0	0	0	0	0	0.217461001	0	0	0	0	0
1079	0	0	0	0	0	0	0	0	73.801430308	0	0	0	0	0	0	0	0	0	0	0	0	0	0	0	0	0	0	0	0.19474957	0	0	0	16.953053918	0.001535419	0	0	0	0	0	0	0	0	0	0.255698377	0	0	0	0	0	0	0	0.100357884	0	0	0	0	0	0	0	0	0.576191419	0	0	0	0	0	0	0	0	0	0	0	0	0	0	0	0	0	0	0	0	0	0	0	0	0	0	0	0	0	0	0	0	0	0	0	0	0	0	0	0	0	0	0	0	0	0	0	0	0	0	0	0	0	0	0	0	0	0	0	0	0	0	0	0	0	0	0	0	0	0	0	0	0	0.002281193	0	0	0	0	0	0	0	0.051604688	0	0	0	0	0	0	0	0	0	1.260944244	0	0	0	0	0	0	0	0	0	0	0	0	0	1.554209197	5.244916814	0	0	0	0	0	0	0	0	0	0	0	0	0	0	0	0	0	0.003026968	0	0	0	0
1080	0	0	0	0	0	0	0	0	52.19876774	0	0	0	0	0	0	0	0	0	0	0	0	0	0	0	0	0.0281707	0	0	0.507259638	0	0	0	0.08210939	34.896361174	0	0	0	0	0	0	0	0	0	0	0	0	0	0	0	0	0	0	0	0	0	0	0	0	0.192605292	0	0.564593775	0	0	0	0	0	0	0	0	0	0	0	0	0	0	0	0	1.224216903	0.925374406	0	0	0	0	0	0	0	0	0	0	0	0	0	0	0	0	0	0	0	0	0	0	0	0	0	0	0	0	0	0	0	0	0	0	0	0	0	0	0	0	0	0	0	0	0	0	0	0	0	0	0	0	0	0	0	0	0	0	0	0	0	0	0	5.758102601	0	0	0	0	0	0	0	0	0	0	0	0	0	0	0	0	0	0	0	0	0	0	0.005294595	3.301352827	0.261636456	0.054154502	0	0	0	0	0	0	0	0	0	0	0	0	0	0	0	0	0	0	0	0	0
1081	0	0	0	0	0	0	0	0	61.19481	0	0.123891	0	0	0	0	0	0	0	0	0.6957644	0	0	0	0	0	0	0	0	0	0	0	0	0.002820767	0	0	0	0	0	0	0	0	0	0	0	0	0	0	0	0	0	0	0.6117723	0	0	0	6.976999	0.03499978	0	0	0	6.890428	0	0	0	0	0	0	0	0	0	0	0	0	0	0	0	0	0.3257058	0	0	0	0	0	0	0	0	0	0	0	0	0	0	0	0	0	0	0	0	0	0	0	0	0	0	0	0	0	0	0	0	0	0	0	0	0	0	0	0	0	0	0	0	0	0	0	0	0	0	0	0	0	0	0	0	0	0	0	0	0	0	0	0	0.6095825	0	2.598075e-4	0	0	0	0	0	0	0	0	0	0	0	0	0	0	0	0	0	0	0	0	22.50361	0	0	0	0	0	0	0.001299037	0	0	0	0	0	0	0	0	0	0	0	0	0.0280592	0	0	0	0
1082	0	0	0	0	0	0	0	0	87.20595	0	0.007288531	0	0	0	0	0	0	0	0	0	0	0	0	0	0	0	0	0	0	0	0	0	0.4569919	1.098919	0	0	0	0	0	0	0	0	0	0.1742444	0	0	0	0	0	0	0	0.008649332	0	0	0	0	0.04394768	0	0	0	0.03417466	0	0	0	0	0	0	0	0	0	0	0	0	0	0	0	0	3.402002e-4	0	0	0	0	0	0	0	0	0	0	0	0	0	0	0	0	0	0	0	0	0	0	0	0	0	0	0	0	0	0	0	0	0	0	0	0	0	0	0	0	0	0	0	0	0	0	0	0	0	0	0	0	0	0	0	0	0	0	0	0	0	0	0	0	0.001999965	0	0	0	0	0	0	0	0	0	0	0	0	0	0	0	0	0	0	0	0	0	0	0.06385454	10.89021	0.01343275	0	0	0	0	0	0	0	0	0	0	0	0	0	0	0	0	0	0	0	0	0	0
1083	47.495567271	0	0	0	0	0	0.927813016	0	0.035887670000000003	0	0	0	0	0	0	0	0	0.074665691	0	0	0	0	0	0	0	0	0	0	0.487636189	0	0	0	0.028594933	0	0	0	0	0	0	0	0	0	0	0.002252622	0	0	0	0	0	0	0	0.349886783	0	0	0.241997482	3.254123996	0	0	0.007303023	0	1.157313072	0	0	0	0	0	0.02454227	0	0	0	0	0	0	0	0	0	0	5.226238382	0	0	0	0	0	0	0	0	0	0	21.504644825	0	0	0	0	0	0	0	0	0	0.032205301	0	0	0	0	0	0	0	0	0	0	0	0	0	0	0	0	0	0	0	0	0	0.088140282	0	0	0	0	0	0	0	0	0	0	0	0	0	0	0	0	0	0	0	0	0	3.918966484	0.005729273	0	0	0	0	0	0	0	0	0	0	0	0	0	0	0	0	0	0	0	0	0	6.332677158	0.008115612	8.655141194	0	0	0	0	0	0	0	0	0	0	0	0	0	0.054402375	0	0	0	0.086155094	0	0	0	0
1084	0	0	0	0	0	0	0	0	89.877451542	0	0.012765199	0	0	0	0	0	0	0	0	1.573033994	0	0	0	0	0	0	0	0	0	0	0	0	2.327898897	1.007559849	0	0	0	0	0	0	0	0	0	0	0	0	0	0	0	0	0	0.44449111	0	0	0	0	0	0	0	0	0.27299454	0	0	0	0	0	0	0	0	0	0	0	0	0	0	0	0	0	0	0	0	0	0	0	0	0	0	0	0	0	0	0.002329044	0	0	0	0	0	0	0	0	0	0	0	0	0	0	0	0	0	0.007661665	0	0	0	0	0	0	0	0	0	0	0	0	0	0	0	0	0.069756787	0	0	0	0	0	0	0	0	0	0	0	0	0	0.95667723	0	0	0	0	0	0	0	0	0	0	0	0	0	0	0	0	0	0	0	0	0	0	0	0	0	2.649727005	0.017410561	0	0.532320263	0	0	0	0	0	0	0	0	0	0	0	0	0	0	0.238707953	0.009214361	0	0	0	0
1085	0	0	0	0	0	0	0	0	85.976708617	0	0.011782777	0	0	0	0	0	0	0	0	0.082922879	0	0	0	0	0	0	0	0	0.720624523	0	0	0	0.007525774	0	0	0	0	0	0	0	0	0	0	0	0	0	0	0	0	0	0	0.138580664	0	0	0.001672394	0	0	0	0	0	3.584650259	0	0	0	0	0	0	0	0	0	0	0	0	0	0	0	0	0	0.833295747	0	0	0	0	0	0	0	0	0	0	0	0	0	0	0	0	0	0	0	0	0	0	0	0	0	0	0	0	0	0	0	0	0	0	0	0	0	0	0	0	0	0	0	0	0	0	0	0	0	0	0	0	0	0	0	0	0	0	0	0	0	0	0	0	0.002369225	0	0	0	0	0	0	0	0	0	0	0	0	0	0	0	0	0	0.176817677	0	0.043697633	0	0.021361035	0	8.388298511	0	0	0	0	0	0	0	0	0	0	0	0	0	0	0	0	0	0.009692285	0	0	0	0
1086	0	0	0	0	0	0	0	0	0.181039151	0	0	0	0	0	0	0	0	0.062804719	0	0	0	0	0	0	0	0	0	0	0	0	0	0	0.040169655	0.009925241	0	0	0	0	0	0	0	0	0	0	0	0	0	0	0	0	0	4.379498753	0	0	2.625625979	0	0	0	0	0	0.521474913	0	0	0	0	0	0	0	0	0	0	0	0	0	0	0	0	0.673207033	0	0	0	0	0	0	0	0	0	0	0	0	0	0.003322199	0	0	0	0	0	0	0	0	0	0	0	0	0	0	0	0	0	0.012820103	0	0	0	0	0	0	0	0	0	0	0	0	0	0	0	0	0	0	0	0	0	0	0	0	0	0	0	0	0	0	0	0	2.54444578	0	0	0	0	0	0	0	0	0	0	0	0	0	0	0	0	0	0	0	0	0	0	0	88.945666474	0	0	0	0	0	0	0	0	0	0	0	0	0	0	0	0	0	0	0	0	0	0	0
1089	0	0	0	0	0	0	0	0	16.430647406	0	0	0	0	0	0	0	0	0	0	0.002230348	0	0	0	0	0	7.877313554	0	0	0.097495613	0	0	0	34.436439396	0.128461146	0	0	0	0	0	0	0	0	2.811570148	1.218721094	0	0	0	0	0	0	0	0.729202867	0	0	0	0	0	0	0	0	0.898795785	0	0	0	0	0	0	0	0	0	0	0	0	0	0	0	0	0	0	0	0	0	0	0	0	0	0	0	0	0	0	0	0	0	0	0	0	0	0	0	0	0	0	0	0	0	0.924920252	0	0	0	0	0	0	0	0	0	0	0	0	0	0	0	0	0	0	0	0	0	0	0	0	0	0	0	3.341857068	0	0	0	0	0	0	0	1.477355049	0	0.006984967	0	0	0	0	0	0	0	0	0	0	0	0	0	0.752353536	0	0	0	0	0	0	14.810169697	4.625655921	8.886243592	0	0	0	0	0	0	0.035322493	0	0.008229812	0	0	0	0	0.48799675	0	0	0	0.006742913	0	0.005290594	0	0
1091	0.01762825	0	0	0	0	0	0	0	23.19472	0	0	0	0	0	0	0	0	0	0	0	0	0	0	0	0	6.443354	0	0	1.323991	0.1252061	0	0	0.4888959	4.652929e-4	0	0	0	0	0	0	0	0	19.79772	0	0	0	0	0	0	0	0	0.0213083	0	0	5.196962	1.790986	0	0	0	0	1.231757	0	0	0	0	0	0.002992679	0	0.07917381	0.02007104	0	0	0.1522777	0	0	0	0.6095654	0.1686687	0	0.003204176	0	0.5422142	1.66467	0.5995087	0	0	0	0.08918818	10.43203	0	0.03511904	0.7512682	0	0	0	0	0.1380439	0	0	0	0	0	3.08413	0	0.001015184	0.01235141	5.967286	0	0	0	0	0.7199667	0.1537158	2.492933	0.0197538	1.745715	0	3.138051	0.005668113	0	0.02461822	0	0	0	0	0.001586226	0.2865146	0	0	0	0	0.7710643	0.01001437	0	0.04802034	0	0	0	0	0	0	0	0	0	0	0	0	0	0	0	0	0	0	0	0	0	0	0	0	0	0	0	0	0.001459328	0	0.1071654	2.176481	0.0210545	0	0	0	0	0	0	0.009517354	0	0	0	0	0	0	0	0	0	0	0	0	0	0	4.280916
1093	0	0	0	0	0	0	0	0	0.019949712	0	0	0	0	0	0	0	0	0	0	0.059368419	0	0	0	0	0	0	0	0	0	0	0	0	0	0.002510405	0	0	0	0	0	0	0	0	0	0	0	0	0	0	0	0	0	5.815033857	0	0	0	0	0	0	0	0	77.061356714	0	0	0	0	0	0	0	0	0	0	0	0	0	0	0	0	0	0	0	0	0	0	0	0	0	0	0	0	0	0	0	0	0	0	0	0	0	0	0	0	0	0	0	0	0	0	0	0	0	0	0	0	0	0	0	0	0	0	0	0	0	0	0	0	0	0	0	0	0	0	0	0	0	0	0	0	0	0	0	0	0	15.610101979	0	0	0	0	0	0	0	0	0	0	0	0	0	0	0	0	0	0	0	0	0	0	0	0	0	0	0	0	0	0	0	0	0	0	0	0	0	0	0	0	0	1.342292454	0.08938646	0	0	0	0
1094	0.061912738	0	0	0	0	0	0	0	94.89462435	0.005470397	0	0	0	0	0	0	0	0.00228541	0	0	0	0	0.014198719	0	0	0	0	0	0	0	0	0	0.022197655	0.008898512	0	0	0	0	0	0	0	0.043167511	0	0.002905389	0	0	0	0	0	0	0	0.110356142	0	0	0	0	0	0	0	0	0.021456113	0	0	0	0	0	0	0	0	0	0	0	0	0	0	0	0	0	0	0	0	0	0	0	0	0	0	0	0	0	0	0	0	0	0	0	0	0	0	0	0	0	0	0	0	0	0	0	0	0	0	0	0	0	0	0	0	0	0	0	0	0	0	0	0	0	0	0	0	0	0	0	0	0.032372594	0	0	0	0	0	0	0.765405793	0	0.076366742	0	0	0	0	0	0	0	0	0	0	0	0	0	0	0	0	0	0	0	0	0	0	0	3.85222926	0	0	0	0	0	0	0	0	0	0	0	0	0	0	0	0	0	0.071054379	0.015098296	0	0	0	0
1095	0	0	0	0	0	0	0	0	0.002254728	0	0	0	0	0	0	0	0	0.08190516	0	0	0	0	0	0	0	0	0	0	0	0	0	0	66.40182	9.342794e-4	0	0	0	0	0	0	0	0	0	0	0	0	0	0	0	0	0	2.404723	0	0	0	0.7606903	0	0	0	0	1.002768	0	0	0	0	0	0	0	0	0	0	0	0	0	0	0	0	0.3600215	0	0	0	0	0	0	0	0	0	0	0	0	0	23.98112	0	0	0	0	0	0	0	0	0	0	0	0	0	0	0	0	0	0	0	0	0	0	0	1.75956	0	0	0	0	0	0	0	0	0	0	0	0	0	0	0	0	0	0	0	0	0	0	0	0	0	0	2.163143	0	0	0	0	0	0	0	0	0	0	0	0	0	0	0	0	0	0	0	0	0	0	0	0	0	0	0	0	0	0	0	0	0	0	0	0	0	0	0	0	0	1.079977	0.001083764	0	0	0	0
1096	0	0	0	0	0	0	0	0	0.215560919	0	0	0	0	0	0	0	0	0	0	0.016290704	0	0	0	0	0	0	0	0	0.980520973	0	0	0	23.380020422	0	0	0	0	0	0	0	0	0	0	0.938897255	0	0	0	0.003369654	0	0	0	0.403243402	0	0	0	0	0	0	0	0	0.560405057	0	0	0	0	0	0	0	0	0	0	0	0	0	0	0	0	1.596270786	0	0	0	0	0	0	0	0	0	0	0	0	0	1.404515628	0	0	0	0	0	0	0	0	0	0	0	0	0	0	4.91399866	0	0	0	0	0	0	0	0	0.094083662	0	0	0	0	0	0	0	0	0	0	0	0	0	0	0	0	0	0	0	0	0	0	0	0	0	0.465206257	0.405910035	0	0	0	0	0	0	0	0	0	0	0	0	0	0	0	0	0	0	0	0	0	0	0	0	64.162754797	0	0	0	0	0	0	0	0	0	0	0	0	0	0	0	0	0.45895179	0	0	0	0	0
1097	0.939700013	0	0	0	0	0	0	0	67.305079724	0	0	0	0	0	0	0	0	0.126636715	0	0	0	0	0	0	0	0	0	0	0	0	0	0	0.006872517	0.011204483	0	0	0	0	0	0	0	0.034970581	0	0	0	0	0	0	0	0	0	0	0	0	1.321922711	0	0	0	0	0	0.358684598	0	0	0	0	0	0	0	0	0	0	0	0	0	0	0	0	0.166883826	0	0	0	0	0	0	0	0	0.024374093	0	0	0	0	0	0	0	0	0	0	0	0	0	0	0	0	0	0	0	0	0	0	0	0	0	0	0	0	0	0	0	0	0	0	0	0	0	0	0	0	0	0	0	0	0	0	0	0	0	0	0	0	0	0	0	11.412515082	0	0	0	0	0	0	0	0	0	0	0	0	0	0	0	0	0	0	0	0	0	0	0	7.991271795	10.299883862	0	0	0	0	0	0	0	0	0	0	0	0	0	0	0	0	0	0	0	0	0	0
1098	0.003167786	0	0	0	0	0	0	0	87.01365	0	0	0	0	0	0	0	0	0	0	0	0	0	0	0	0	0	0	0	1.905256	0	0	0	4.173904	0.002219681	0	0	0	0	0	0	0	0	0	3.011628e-4	0	0	0	0	0	0	0	0	0	0	0.475101	0.4356933	0.04463901	0	0	0	0.62566	0	0	0	0	0	0	0	0	0	0	0	0	0	0	0	0	0.005041688	0	0	0	0	0	0	0	0	0	0	0	0	0	0	0	0.4804327	0	0	0	0	0	0	0	0	0	0	0	0	0	0	0	0	0	0	0	0	0	0	0	0	0	0	0.006000947	0	0	0	0	0	0.008967958	0	0	0	0	0	0	0	0	0	0	0	0	0	0	0.005666321	0.5306488	0	0	0	0	0	0	0	0	0	0	0	0	0	0	1.364524	0	0	0	0	0	0.1061097	0	0	2.732617	0.01109841	0	0	0	0	0	0	0.0693009	0	0	0	0	0	0	0	0	0	0	0	0	0	0	0
1099	0	0	0	0	0	0	0	0	16.055059001	0	0	0	0	0	0	0	0	0.081331435999999993	0	0	0	0	0	0	0	11.036735385	0	0.013795662	0	0	0	0	49.504684228	2.9322135	0	0	0	0	0	0	0	0	0	0.069596537	0	0	0	0	0	0	0	0.008563614	0	0	0	0	0	0	0	0	0.36166386	0	0	0	0	0	0	0	0	0	0	0	0	0	0	0	0	0	0	0	0	0	0	0	0	0	0	0	0	0	0	0	0	0	0	0	0	0	0	0	0	0	0	0	0	0	0.20810269	0	0	0	0	0	0	0	0	0	0	0.410366552	0	0	0	0	0	0	0	0	0	1.278863558	0	0	0.010406852	0	0	0	0	0	0	0	0.026824262	0	1.288995641	0	6.946464819	0	0	0	0	0	0	0	0	0	5.054386963	0	0	0	0	0	0	0	0	0	0	0	0	0.182949936	4.048356942	0.327294917	0	0	0	0	0	0	0.100588119	0	0	0	0	0	0.042245636	0.005312188	0	0	0	0.005197702	0	0	0	0
1101	0.02091852	0	0	0	0	0	0	0	70.80488	0	0	0	0	0	0	0	0	0	0	0	0	0	0.001013494	0	0	0	0	0	0	0	0	0	5.638504	11.2295	0	0	0	0	0	0	0	0	0	0.3524224	0	0	0	0	0	0	0	0	0	0	2.713975	0	0	0	0	0	0.1397609	0	0	0	0	0	0	0	0	0	0	0	0	0	0	0	0	0.00451005	0	0	0	0	0	0	0	0	0	0	0	0	0	0	0	0	0	0	0	0	0	0	0	0	0	0	0	0	0.002179013	0	0	0	0	0	0	0	0	2.415471	0	3.887075	0	0	0	0	0	0	0	0	0	0	0	0	0	0	0	0	0	0	0	0	0.3404631	0	0	0	2.229687e-4	0	0	0	0	0	0	0	1.380024	0	0	0	0	0	0	0.002118203	0.3338856	0	0	0	0	0	0	0.0216381	0.4972507	0.2073711	0	0	0	0	0	0	0	0	0	0	0	0	0.006820816	0	0	0	0	0	0	0	0	0
1103	0.002742693	0	0	0	0	0	0	0	0.02461894	0	0	0	0	0	0	0	0	0.08204136	0.7108582	0	0	0	0.03775557	0	0	0	0	0	0	0	0	0	0.009871519	0	0	0	0	0	0	0	0	0.04528709	0	0.01432295	0	0	0	0	0	0	0	0	0	0	3.692906	0	0	0	0	0	2.948014	0	0	0	0	0	0	0	0	0	0	0	0	0	0	0	0	0.261949	0	0	0	0	0	0	0	0	0	0	0	0	0	0	0	0	0	0	0	0	0	0	0	0	0	0	0	0	0.01214621	0	0	0	0	0	0	0	0	0	0	0	0	0	0	0	0	0	0	0	0	0	0	0	0	0	0	0	0	0	0	0	0	0	5.006504e-4	0	13.72581	0	0	0	0	0	0	0	0	0	0	0	0	0	0	0	0	0	0	0	0	0	0	0	0	77.86731	0	0	0	0	0	0	0	0	0	0	0	0.521743	0	0	0	0	0	0	0.04211993	0	0	0
1105	0	0	0	0	0	0	0	0	0.00504996	0	0.014804482	0	0	0	0	0	0	0	0	0	0	0	0	0	0	0	0	0	0	0	0	0	0.025261711	0.007634492	0	0	0	0	0	0	0	0	0	0	0	0	0	0	0	0	0	0.312990331	0	0	0.373792327	0	0	0	0	0	2.629695242	0	0	0	0	0	0	0	0	0	0	0	0	0	0	0	0	0	0	0	0	0	0	0	0	0	0	0	0	0	0	0	0	0	0	0	0	0	0	0	0	0	0	0	0	0	0	0	0	0	0	0	0	0	0	0	0	0	0.032229226	0	0	0	0	0	0	0	0	0	0	0	0	0	0	0	0	0	0	0	0	0	0	0	0.020842996	0	0	0	0	0	0	0	0	0	0	0	0	0	0	0	0	0	0	0	0	0	0	0	0	96.515336991	0	0	0	0	0	0	0	0	0	0	0	0	0	0	0	0	0.059920635	0.002441608	0	0	0	0
1106	0	0	0	0	0	0	0	0	18.604258556	0	0	0	0	0	0	0	0	0.009673666	0	0	0	0	0	0	0	0	0	0	0.39856542700000003	0	0	0	67.027799515	0	0	0	0	0	0	0	0	0	0	5.338074331	0	0	0	0	0	0	0	0.006542727	0	0	0.821179794	0	0	0	0	0	0.502240078	0	0	0	0	0	0	0	0	0	0	0	0	0	0	0	0	0.024017735	0	0	0	0	0	0	0	0	0	0	0	0	0	0	0	0	0	0	0	0	0	0	0	0	0	0	0	0	0	0	0	0	0	0	0	0	0	0	0	0	0	0	0.002309198	0	0	0	0	0	0	0	0	0	0	0	0	0	0	0	0	0	0	0	0	0	1.754584511	0	0	0	0	0	0	0	0	0	0	0	0	0	0	0	0	0	0	0	0	0.051176812	0	0.028771354	4.476410766	0.133881452	0	0	0.003120537	0.802633401	0	0	0	0	0	0	0	0	0	0	0	0	0	0.014760141	0	0	0	0
1109	0	0	0	0	0	0	0	0	97.729866793	0	0	0	0	0	0	0	0	0.008423161	0	0	0	0	0	0	0	0	0	0	0.007692477	0	0	0	0.012238954	0	0	0	0	0	0	0	0	0	0	0	0	0	0	0	0	0	0	0.011153077	0	0	0	0	0	0	0	0	0.073240907	0	0	0	0	0	0	0	0	0	0	0	0	0	0	0	0	0	0	0	0	0	0	0	0	0	0	0	0	0	0	0	0	0	0	0	0	0	0	0	0	0	0	0	0	0	0	0	0	0	0	0	0	0	0	0	0	0	0	0	0	0	0	0	0	0	0	0	0	0	0	0	0	0	0	0	0	0	0	0	0	0	0	0	0	0	0	0	0	0	0	0	0	0	0	0	0	0	0	0	0	0	0	0	0	0	2.157384631	0	0	0	0	0	0	0	0	0	0	0	0	0	0	0	0	0	0	0	0	0	0	0
1110	0	0	0	0	0	0	0	0	0.022050345	0	0.16928105	0	0	0	0	0	0	2.826229689	0	0.010783663	0	0	0	0	0	0	0	0	0	0	0	0	0.025285444	0.014805071	0	0	0	0	0	0	0	0	0	12.305429294	0	0	0	0	0	0	0	0.420765067	0	0	0	26.076493243	0	0	0	0	2.750665414	0	0	0	0	0	0	0	0	0	0	0	0	0	0	0	0	1.518058986	0	0	0	0	0	0	0	0	0	0	0	0	0	0	0	0	0	0	0	0	0	0	6.237124896	0	0	0	0	0	0	0	0	0	0	0	0	0	0	3.910673075	0	0	0	0	0	0	0	0	0	0	1.267720732	0	0	0	0	0	0	0	0	0	0	0	0	0	0	0	0.418024219	0	0	0	0	0	0	0	0	0	0	0	0	0	0	0	0	0	0	0	0	0	0	0	0	41.999572023	0	0	0	0	0	0	0	0	0	0	0	0	0	0	0	0	0.02519558	0.001842209	0	0	0	0
1111	0	0	0	0	0	0	0	0	92.349159064	0	0	0	0	0	0	0	0	0	0	0	0	0	0	0	0	0	0	0	0	0	0	0	0.030624899	0.003715521	0	0	0	0	0	0	0	0	0	0	0	0	0	0	0	0	0	0.091086558	0	0	0	0	0	0	0.006980676	0	0.251375971	0	0	0	0	0	0	0	0	0	0	0	0	0	0	0	0	0	0	0	0	0	0	0	0	0	0	0	0	0	0	0	0	0	0	0	0	0	0	0	0	0	0	0	0	0	0	0	0	0	0	0	0	0	0	0	0	0	0	0	0	0	0	0	0	0	0	0	0	0	0	0	0	0	0	0	0	0	0	0	0	0	0	0	0	0	0	0	0	0	0	0	0	0	0	0	0	0	0	0	0	0	0	0	0	0	7.2662487	8.08612e-4	0	0	0	0	0	0	0	0	0	0	0	0	0	0	0	0	0	0	0	0	0	0
1114	21.03715	0	0	0.3858063	0	7.042421	0	8.281979	0.09211706	0	0	0	0	0	0.132252	0	0	0	0	3.772089	0.01748761	1.471138	0	0	0	0.001249878	0	0	0	0	0	0	0.03811593	0	0	0	0	0	0	0	0	0	0	0	0	0	0	0	0	0.007050593	0	0.4715992	0	0	10.91823	0	0	0	0	0	1.21925	0	0	0	0	0	0	0	0	0	0	0	0	0	0	0	0	0	0	0	0	0	0	0	0	0	0	0	0	0	0	0	0	0	0	0	0	0	0	0	0	0	0	0	0	0	0	0	0	6.943766e-4	0	0	0	0	0	0	0	0	0	0	0	0	0	0	0	0	0	0	0	0	0	0	0	0	0	0	0	0	0	0	0	0	8.706638	0.002115178	0	0.1293891	0	0	0	0	0	0	0	0	0	0	0	0	0.01096047	0	0	0	0	2.150239	0	0.4029521	0.004187625	33.61109	0.03754975	0	0	0.03954742	0	0	0	0	0	0	0	0	0	0.01669709	0	0	0	0	0	0	0	0
1116	0	0	0	0	0	0	0	0	89.80494183	0	0	0	0	0	0.028080717	0	0	0	0	1.410293219	0	0	0	0	0	0	0	0	0	0	0	0	0.005759864	0	0	0	0	0	0	0	0	0	0	0	0	0	0	0	0	0	0	0.071252056	0	0	0	0	0	0	0	0	0.077454136	0	0	0	0	0	0	0	0	0	0	0	0	0	0	0	0	0	0	0	0	0	0	0	0	0	0	0	0	0	0	0	0	0	0	0	0	0	0	0	0	0	0	0	0	0	0	0	0	0	0	0	0	0	0	0	0	0	0	0	0	0	0	0	0	0	0	0	0	0	0	0	0	0	0	0	0	0	0	0	0	0	0	0	0	0	0	0	0	0	0	0	0	0	0	0	0	0	0	0	0	0	0	0	0	8.480641938	0	0	0	0	0	0.105147914	0	0	0	0.010933791	0	0	0	0	0	0.005494534	0	0	0	0	0	0	0	0
1117	0	0	0	0	0	0	0	0.8202816	0.04946666	0	0	0	0	0	0	0	0	0	0	0	0	0	0	0	0	0	0	0	0	0	0	0	0	0	0	0	0	0	0	0	52.46991	0	0	0	0	0	0	0	0	0	0	0.138225	0	0	3.871709	0	0	0	0.04049863	0.004458872	0.2630567	0	0	0	0	0	0	0	0	0	0	0	0	0	0	0	0	0	0	0	0	0	0	0	0	0.9888136	0	0	0	0	0	0	0	0	0	0	0	0	0	0	0	0	0	0	0	0	0	0	0	0	0	0	0	0	0	0	0	0	0	0	0	0	0	0	0	0	0	0	0	0	0	0	0	0	0	0	0	0	0	0	0	0	13.92777	0	0	0	0	0	0	0	0	0	0	9.219473e-4	0	0	0	0	0	0	0	0.3652587	0	5.036246	0	0.5773066	0.002933469	17.13789	1.748565	0.1086389	0	0.1870882	0	0	0.1103487	0	0.01686325	1.20765	0.7316741	0	0.1583067	0.004592974	0	0	0	0.02299839	0.00851544	0	0	0
1118	0	0	0	0	0	0	0	0	85.886106283	0	0.037675962	0	0	0	0	0	0	0	0	0	0	0	0	0	0	0	0	0	0	0	0	0	0.036959529	1.104592622	0	0	0	0	0	0	0	0	0	0.007353977	0	0	0	0	0	0	0	0.448803309	0	0	0.04020455	0	0	0	0	0	0.054554287	0	0	0	0	0	0	0	0	0	0	0	0	0	0	0	0	0.640965465	0	0	0	0	0	0	0	0	0	0	0	0	0	0	0	0	0	0	0	0	0	0	0	0	0	0	0	0	0	0	0	0	0	0	0	0	0	0	0	0	0.02883644	0	0	0	0	0	0	0	0	0	0	0	0	0	0	0	0	0	0	0	0	0	0	0	0.00194912	0	0	0	0	0	0	0	0	0	0	0	0	0	0	0	0.002107157	0	0	0	0	0	0	0	11.707331104	0.002560195	0	0	0	0	0	0	0	0	0	0	0	0	0	0	0	0	0	0	0	0	0	0
1119	0	0	0	0	0	0	0	0	0.10294177	0	0	0	0	0	0	0	0	0	0	0	0	0	0	0	0	0.015676410000000002	0	0	0	0	0	0	3.20325686	0	0	0	0.34261667	0	0	0	0	0	0	0	0	0	0	0	0	0	0	0.4345414	0	0	0	0	0	0	0.01545868	0	3.46753502	0	0	0	0	0	0	0	0	0	0	0	0	0	0	0	0	1.93207411	0	0	0	0	0	0	0	0	0	0	0	0	0	0	0	0	0	0	0	0	0	0	0	0	0	0	0	0	0	0	0	0	0	0	0	0	0	23.98817476	0	0	0.01602478	0	0	0	0	0	0	0	0	0	0	0	0	0	0	0	0	0	0	0	0	0	0	0	4.21699811	0	0	0	0	0	0	0	0	0	0	0	0	0	0	0	0	0	0	0	0	0	0	1.3891042	0.03814593	60.44706511	0	0	0	0	0	0	0	0	0	0	0	0	0	0	0	0	0.13655896	0.25382722	0	0	0	0
1120	0	0	0	0	0	0	0.267197299	0.131558313	22.968494704	0	0.009214074	0	0.436317344	0	0	0	0	0	0	0	0	0	0	0	0	0	0	0	0	0	0	0	0.040806736	0.064552784	0	0	0	0	0	0	0	0	0	0	0	0	0	0	0	0	0	0.025287153	0	0	1.438654506	0.742530658	0.58814879	2.411092052	0.391202024	0	6.770087143	0	0	0	0	0	0	0	0	0	0	0	0	0	0	0	0	0.240629509	0	0	0.050737099	0	0	0	0	0	0	0	0.001313195	0	0	0	0	0	0	0	0	0	0	0	0	0	0	0	0	0	0.004883785	0	0	0	0	0	0	0	0	0	0	0	0	0	0	0	0.011091618	0	0	0	0	0	0	0	0	0	0	0	0	0	0	0	0	0	0	0	15.393679189	0	0	0	0	0	0	0	0	0	0	0	0.505102741	0	0	0	0	0	0	0	0	0	0	0.214658626	0.005220223	45.031144982	0	0	0	0	0	0	0	0.492459165	0.507891925	0	0	0	0	1.149903437	0	0	0	0.004666728	0	0.101474198	0	0
1121	0	0	0	0	0	0	0	0	97.658576177	0	0	0	0	0	0	0	0	0	0	0.060693912	0	0	0	0	0	0	0	0	0	0	0	0	0.007374691	0	0	0	0	0	0	0	0	0	0	0.65417371	0	0	0	0	0	0	0	0.057148778	0	0	0	0.001066588	0	0	0	0	0.041891497	0	0	0	0	0	0	0	0	0	0	0	0	0	0	0	0	0	0	0	0	0	0	0	0	0	0	0	0	0	0	0	0	0	0	0	0	0	0	0	0	0	0	0	0	0	0.045009995	0	0	0	0	0	0	0	0	0	0	0	0	0	0	0	0	0	0	0	0	0	0	0	0	0	0	0	0	0	0	0	0	0	0	0	0.001686224	0	0	0	0	0	0	0	0	0	0	0	0	0	0	0	0	0	0	0	0	0.006521421	0	0	0.070983942	1.371489403	0	0	0	0	0	0	0	0	0	0	0	0	0	0	0	0	0.023383663	0	0	0	0	0
1124	0	0	0	0	0	0	0	0	34.1458	0	0	0	0	0	0	0	0.3032729	0.009718072	0	0	0	0	0	0	0	1.281059	0	0	0.2268384	0	0	0	30.24227	0.001857867	0	0	0	0	0	0	0	0	0	0	0	0	0	0	0	0	0	0	0	0	0.4802586	0	0	0	0	0	0.06665692	0	0	0	0	0	0	0	0	0	0	0	0	0	0	0	0	0.1618488	0	0	0	0	0	0	0	0	0	0	1.715204	0	1.310034e-4	1.378227	0	0	0	0	0	0	0	0	0.08558097	0	0	0	0	0	0.03808627	0	0	0	0.1821186	0	1.407548	0	0	0.3912953	0	2.899535	0	0	0	0	0	0	0	0	0.1016348	0	0	0	0	0	0	0	0	0	0	0	0	0	0	0	3.77715	0	0	0	0	0	0	0	0	0	0	0	0	0	0	0	0	0.07220671	0	0	0	0	0	0.5840609	2.087837	3.680756	0	0	0	0	0	0	0	0	0	0	0	0	0	0.001369581	0	0	8.57477e-4	0.06913408	0	0.1842027	14.42348	0
1126	0	0	0	0	0	0	0	0	0.27141456	0	0	0	0	0	0	0	0	0	0	0	0	0	0	0	0	0.053812057	0	0	0.375710212	0	0	0	1.720141818	0.004476606	0	0	0	0	0	0	0	0	0	2.407787996	0	0	0	0	0	0	0	0.023774723	0	0	0.00738756	0	0	0	0	0	0.19937135	0	0	0	0	0	0	0	0	0	0	0	0	0	0	0	0	0	0	0	0	0	0	0	0	0	0	0	0	0	0	0.811309531	0	0	0	0	0	0	0	0	0	0	0	0	0	0	18.745905384	0	0	0	0	0	0	0	0	0	0	0	0	0	0	0	0	0	0	0	0	0	0	0	0	0	0	0	0	0	0	0	0	0	0	0	0.035882436	0	0	0	0	0	0	0	0	0	0	0	0	0	0	0	0	0	0	0	0	0	0	0	65.724422196	9.602030848	0	0	0	0	0	0	0	0	0	0	0	0	0	0	0	0	0.016572722	0	0	0	0	0
1127	0	0	0	0	0	0	0	0	0.06611085	0	0	0	0	0	0	0	0	0.03731235	0	0	0	0	0	0	0	0	0	0	0	0	0	0	29.80345974	0	0	0	0	0	0	0	0	0	0	0	0	0	0	0	0	0	0	0.63446225	0	0	0.10431838	0	0	0	0	0	0.57945558	0	0	0	0	0	0	0	0	0	0	0	0	0	0	0	0	0	0	0	0	0	0	0	0	0	0	0	0	0	0	0	0	0	0	0	0	0	0	0	0	0	0	0	0	0	0	0	0	0	0	0	0	0	0	0	0	0	0	0	0	0	0	0	0	0	0	0	0	0	0	0	0	0	0	0	0	0	0	0	0	0	0.96503553	0	0	0	0	0	0	0	0	0	0	0	0	0.04527384	0	0	0	0	0	0	0	0	0	0	0	67.19631532	0	0	0	0	0	0	0	0	0	0	0	0.27798554	0	0	0	0	0.24147316	0.04879746	0	0	0	0
1128	0	0	0	0	0	0	0	0	0.136624822	0	0	0	0	0	0	0	0	0	0	0.14299313	0	0	0	0	0	0	0	0	0	0	0	0	24.371578226	4.543605123	0	0	0	0	0	0	0	0	0	0.033207312	0	0	0	0	0	0	0	0.834407158	0	0	0	0	0.157238448	0	0	0	0.133337441	0	0	0	0	0	0	0	0	0	0	0	0	0	0	0	0	0.588377663	0	0	0	0	0	0	0	0	0	0	0	0	0	0	0	0	0	0	0	0	0	0	0	0	0	0	0	0	0.019914858	0	0	0	0	0	0	0	0	0	0	0	0	0	0	0	0	0	0	0	0	0	0	0	0	0	0	0	0	0	0	0	0	0	0	0	0.339346647	0	0	0	0	0	0	0	0	0	0	0	0	0.005748946	0	0	0	0	0	0	0	0	0	1.14689892	0.024440963	63.725990605	0	0	0	0	0	0	0	0	0	0	0	0	2.610164582	0	0	0	1.137243231	0.024139222	0.024742703	0	0	0
1131	0	0	0	0	0	0	0	0	0.109903732	0	0	0	0	0	0	0	0	0	0	0	0	0	0	0	0	0	0	0	0	0	0	0	0.010412613	0	0	0	0	0	0	0	0	0	0	0	0	0	0	0	0	0	0	2.572357422	0	0	7.373154213	0	0	0	0	0	0.006144089	0	0	0	0	0	0	0	0	0	0	0	0	0	0	0	0	0	0	0	0	0	0	0	0	0	0	0	0	0	0	0	0	0	0	0	0	0	0	0	0	0	0	0	0	0	0	0	0	0	0	0	0	0	0	0	0	0	0	0	0	0	0	0	0	0	0	0	0	0	0	0	0	0	0	0	0	0	0	0	0	0	0.238854138	0	0	0	0	0	0	0	0	0	0	0	0	0.579204308	0	0	0	0	0	0	0	0	0	0	0.001713877	88.977472753	0	0	0	0	0	0	0	0	0	0	0	0	0	0	0	0	0.130782854	0	0	0	0	0
1132	0	0	0	0	0	0	0	0	0.175918212	0	0	0	0	0	0	0.218765618	0	0.034193014	0	0	0	0	0	0	0	0.528734378	0	0	0	0	0	0	0.054049129	0.006890856	0	0	0	0	0	0	0	0	0	0.003265808	0	0	0	0	0	0	0	0.0084149	0	0	3.15730735	0	0	0	0.005377698	0	4.696069175	0	0	0	0	0	0	0	0	0	0	0	0	0	0	0	0	1.407454556	0	0	0	0	0	0	0	0	0	0	0	0	0	0	0	0	0	0	0	0	0	0	0	0	1.013086421	0	0	0	0	0	0	0	0	0	0	0	0	0	0	0	0	0	0	0.018898145	0	0	0	0	0	0	0	0	0	0	0	0	0	0	0	0	0	0	0	0	17.536846755	0	0	0	0	0	0	0	0	0	0	0	0	0	0	0	0	0	0	0	0	11.062632	0	0.048029155	0.003831882	59.736262023	0	0	0.153416792	0	0	0	0	0	0	0	0	0	0	0.110438754	0	0	0	0.02011738	0	0	0	0
1133	0	0	0	0	0	0	0	0	0.036654869	0	0	0	0	0	0	0	0	0	0	0	0	0	0	0	0	0	0	0	0	0	0	0	34.464406364	0	0	0	0	0	0	0	0	0	0	19.278155163	0	0	0	0	0	0	0	0.659010466	0	0	0.417485838	0	0	0	0.053574461	0	24.076452094	0	0	0	0	0	0	0	0	0	0	0	0	0	0	0	0	0.299137878	0	0	0	0	0	0	0	0	0	0	0	0	0	0	0	0	0	0	0	0	0	0	0	0	0	0	0	0	0	0	0	0	0	0	0	0	0	0	0	0	0	0	0	0	0	0	0	0	0	0	0	0	0	0	0	0	0	0	0	0	0	0	0	0	19.823582675	0	0	0	0	0	0	0	0	0	0	0	0	0	0	0	0	0	0	0	0.117035672	0	0	0	0	0	0	0.587216866	0	0	0	0	0	0	0	0	0	0	0	0	0	0	0.181388729	0.005898924	0	0	0	0
1134	0.1804284	0	0	0	0	0	0	0	0.33622610000000003	0	0.02341786	0	0	0	0	0	0	0.023252	0	0	0	0	0	0	0	0.009703017	0	0	0.450247	0	0	0	0.04425447	0	0	0	0	0	0	0	0	0	0	0	0	0	0	0	0.004467949	0	0	0	0	0	0.8673316	0	0	0	0.002011095	0	0.1487174	0	0	0	0	0	0	0	0	0	0	0	0	0	0	0	0	1.117858	0	0	0	0	0	0	0	0	0	0	0.03045669	0	0	3.889656	0	0	0	0	0	0	0	0	0	0	0	0	0	0	15.3421	0.3997622	0.06668751	0	0.3073762	0.2911112	2.241376	2.420229	0	12.58966	0	0	0	0	0	0	0	0	0	0	0.2707619	0	0	0	0	0	0	0	0	0	0	0	0	0	0	0	6.361924	0	0	0	0	0	0	0	0	0	0	0	0	0	0	0	0	0	0	0	0	0.09237563	0	0.7901013	10.19758	21.16486	0.05938951	0	0	0.1016433	0	0	0.03328674	0	0	0	0	0.1172655	0	5.597895e-4	0	0	0	0.009350557	0	0	20.01457	0
1135	0	0	0	0	0	0	0	0	95.97753	0	0.02683405	0	0	0	0	0	0	0.02330458	0	0.4476376	0	0	0	0	0	0	0	0	0	0	0	0	2.186819	0.1973175	0	0	0	0	0	0	0	0	0	7.159781e-4	0	0	0	0	0	0	0	0.1111783	0.0011395139999999999	0	0	0.8527602	0	0	0	0	0.1412897	0	0	0	0	0	0	0	0	0	0	0	0	0	0	0	0	0	0	0	0	0	0	0	0	0	0	0	0	0	0	0	0	0	0	0	0	0	0	0	0	0	0	0	0	0	0	0	0	0	0	0	0	0	0	0	0	0	0	0	0	0	0	0	0	0	0	0	0	0	0	0	0	0	0	0	0	0	0	0	0	0	0	0	0	0	0	0	0	0	0	0	0	0	0	0	0	0	0	0	0	0	0	0	0	0	0	0.03346946	0	0	0	0	0	0	0	0	0	0	0	0	0	0	0	0	0	0	0	0	0	0
1136	0	0	0	0	0	0	0	0	86.917745437	0	0	0	0	0	0	0	0	0	0	0	0	0	0	0	0	2.145319075	0	0	0.783415079	0	0	0	0.1104232	2.9585913	0	0	0	0	0	0	0	0	0	0	0	0	0	0	0	0	0	0.068773284	0	0	0	0	0	0	0	0	0.218059017	0	0	0	0	0	0	0	0	0	0	0	0	0	0	0	0	0	0	0	0	0	0	0	0	0	0	0	0	0	0	3.518533408	0	0	0	0	0	0	0	0	0	0	0	0	0	0	1.695585752	0	0	0	0	0	0	0	0	0.664897751	0	0.736244003	0	0	0	0	0	0	0	0	0	0	0	0	0	0	0	0	0	0	0	0	0	0	0.157915896	0	0	0	0	0	0	0	0	0	0	0	0	0	0	0	0	0	0	0	0	0	0	0	0	0	0.003805848	0	0	0	0	0	0	0	0	0	0	0	0	0	0	0	0	0	0	0	0.020690949	0	0	0
1137	0	0	0	0	0	0	0	0	66.61487	0	0	0	0	0	0	0	0	0.03375135	0	0	0	0	0	0	0	0	0	0	0	0	0	0	0.001759199	0	0	0	0	0	0	0	0	0	0	0	0	0	0	0	0	0	0	0	0	0	8.550436	0	0	0	0	0	0.1924164	0	0	0	0	0	0	0	0	0	0	0	0	0	0	0	0	0.06406856	0	0	0	0.01978309	0	0	0	0	0	0	0	0	0	0.1488051	0	0	0	0	0	0	0	0	1.528091	0	6.76272	0	0	0	0	0	0	0	0	0	0	0	0	0	0	0	0	0	7.795254e-4	0	0	0	0	0	0	0	0	0	0	0	0	0	0	0	0	0	0	0	0	0	2.688225	0	0	0	0	0	0.04532835	0	0	0	0	0	0	0	0	0	0	0	0	0	0	0.001527449	0	0.65359	3.337696	9.348543	0	0	0	0	0	0	0	0	0	0	0	0	0	0	0	0	0	0	0.00760564	0	0	0
1141	0	0	0	0	0	0	0	0	78.337584181	0	0	0	0	0	0	0	0	0	0	0	0	0	0	0	0	0	0	0	0.109171526	0	0	0	7.014653318	0	0	0	0	0	0	0	0	0	0	0.034173005	0	0	0	0	0	0	0	0	0	0	0	0	0	0	0	0	0.169447616	0	0.003031393	0	0	0	0	0	0	0	0	0	0	0	0	0	0	0	0.043784486	0	0	0	0	0	0	0	0	0	0	0	0	3.585992855	0	0	0	0	0	0	0	0	0	0	0	0	0	0	1.530956832	0	0	0	0	0	0	0	0	0	0	0.003155545	0	0	0	0	0	0	0	0	0.016884755	0	0	0	0	0	0	0	0	0	0	0	0	0	9.151164489	0	0	0	0	0	0	0	0	0	0	0	0	0	0	0	0	0	0	0	0	0	0	0	0	0	0	0	0	0	0	0	0	0	0	0	0	0	0	0	0	0	0	0	0	0	0	0	0	0
1142	0	0	0	0	0	0	0	0	0.07291635	0	0	0	0	0	0	0	0	0	0	0	0	0	0	0	0	0	0	0	0	0	0	0	0.06952291	0	0	0	0	0	0	0	0	0	0	0	0	0	0	0	0	0	0	0	0	0	0.80740023	0	0	0	0	0	0.21538972	0	0	0	0.11675824	0	0	0	0	0	0	0	0	0	0	0	0	0	0	0	0	0	0	0	0	0	0	0	0	0	0	0	0	0	0	0	0	0	0	0	0	0	0	0	0	0	0	0	0	0	0	0	0	0	0	0	0	0	0	0	0	0	0	0	0	0	0	0	0	0	0	0	0	0	0	0	0	0	0	0	0	0	0.01677963	0	0	0	0	0	0	0	0	0	0	0	0	0	0	0	0	0	0	0	0	0	0	0	68.48799523	30.1984532	0	0	0	0	0	0	0	0	0	0	0	0	0	0	0	0	0	0.01478449	0	0	0	0
1144	0	0	0	0	0	0	0	0.046173429	60.164954925	0	0.026492761	0	0	0	0	0	0	0.11365499	0	0	0	0	0	0	0	0	0	0	0	0	0	0	0.092509605	2.453387737	0	0	0	0	0	0	0	0	0	0.400541712	0	0	0	0	0	0	0	0.291862107	0.003603666	0	0.057251797	0	0	0	0	0	0.413131296	0	0	0	0	0	0	0	0	0	0	0	0	0	0	0	0	0	0	0	0	0	0	0	0	0	0	0	0	0	0	0	0	0	0	0	0	0	0	0	0	0	0	0	0	0	0	0	0	0	0	0	0	0	0	0	0	0	0	0	0	0	0	0	0	0	0	0	0	0	0	0	0	0	0	0	0	0	0	0	0	0	3.453277302	0	0	0	0	0	0	0	0	0	19.843147512	0	0	0	0	0	0.014100798	0	0	0	0	0	0	0	12.555522619	0	0	0	0	0	0	0	0	0	0	0	0	0	0	0	0	0	0.059042006	0.011345737	0	0	0	0
1145	0.02385121	0	0	0.03568706	0	0	0	0	96.37981	0	0	0	0	0	0	0	0	0.03397571	0	0	0	0	0	0	0	0.01068697	0	0	0.2849579	0.01225471	0	0	0	0.001543806	0	0.2796204	0	0	0	0	0	0	0	0	0	0	0	0	0	0	0	0	0	0	0.05926302	0.4482424	0	0	0	0	0.1592514	0	0	0	0	0	0	0	0	0	0	0	0	0	0	0	0	1.914799e-4	0	0	0	0	0	0	0	0	0	0	0	0	0	0	0	0	0	0	0	0	0	0	0	0.002728588	0	0	0	0	0.2333062	0	0	0	0	0	0	0	0	0	0	0	0	0	0	0	0	0	0	0	0.002010539	0	0	0	0	0	0	0	0	0	0	0	0	0	0	0	0.03164205	0	0	0	0	0	0	0	0	0	0	0	0	0.0121111	0	0	0	0	0	0	0	0.05258516	0	0.004547647	0.7038441	1.074549	0	0	0	0	0	0	0	0	0	0	0	0	0	0	0	0	0.150575	0.002764491	0	0	0	0
1147	5.70475e-4	0	0	0	0.016311359	0	0	0	25.041665804	0	0	0	0	0	0	0	0	0	0	0	0	0	0	0	0	6.039375875	0	0.541803352	0.00937058	0	0	0	40.08213361	14.860493507	0	0	0	0	0	0	0	0	0.11647198	0	0	0	0	0	0	0	0	0	0	0	0.13497016	0	0	0	0	0	0.345147941	0	0	0	0	0	0	0	0	0	0	0	0	0	0	0	0	0.019353893	0	0	0	0	0	0	0	0	0	0	0	0	0	0	0	0	0	0	0	0	0.01573032	0	0	0	0.456295487	0	0	0	0	0	0	0	0	0	0	0	0	0.064685527	0	0	0	0	0	0	0	0	0	0	0	0.075693581	0	0	0	0	0	0	0.151894252	0	0	0	0	0	0.181284279	0	9.428652382	0	0	0	0	0	0	0	0	0	0	0	0	0	0	0	0.478934894	0	0	0	0	0	0	0	1.705741387	0.203374339	0	0	0	0.014811221	0	0	0	0	0	0	0	0	0	0	0	0	0.015233795	0	0	0	0	0
1149	0	0	0	0	0	0	0	0	50.150856265	0	0	0	0	0	0	0	0	0.005439133	0	0	0	0	0	0	0	0	0	0	0	0	0	0	2.730646593	29.529350337	0	0	0	0	0	0	0	0	0	0.498190585	0	0	0	0	0	0	0	0.076370951	0	0	2.564487455	0	0	0	0	0	0.243953612	0	0	0.051119351	0	0	0	0	0	0	0	0	0	0	0	0	0	0.014862006	0	0	0	0	0	0	0	0	0	0	0	0	0	0	0	0	0	0	0	0	0	0	0	0	0	0	0	0	0	0	0	0	0	0	0	0	0	0	0	0	0	0	0	0	0	0	0	0	0	0	0	0	0	0	0	0	0	0	0	0	0	0	0	0	0.222717622	0	0	0	0	0	0	0	0	0	0	0	0	0	0	0	0.010740163	0	0	0	0	0	0	0	6.460053977	7.437090106	0.004121843	0	0	0	0	0	0	0	0	0	0	0	0	0	0	0	0	0	0	0	0	0
1151	5.26516e-4	0	0	0	0	0	0	0	0.114425669	0	0	0	0	0	0	0	0	0.006329638	0	0	0	0	0	0	0	0	0	0	0.023647438	0	0	0	70.660019898	0	0	0	0	0	0	0	0	0	0	0	0	0	0	0	0	0	0	0	0	0	2.073076763	0	0	0	0.235970751	0	0.908400403	0	0	0	0	0	0	0	0	0	0	0	0	0	0	0	0	0.088546262	0	0	0	0	0	0	0	0	0	0	0	0	0	0	0	0	0	0	0	0	0	0	0	0	0	0	0	0	0	0	0	0	0	0	0	0	0	0	0	0	0.168004399	0	0	0	0	0	0	0	0	0	0	0	0	0	0	0	0	0	0	0	0	0	0	0	5.488391695	0	0	0	0	0	0	4.5784e-4	0	0	0	0	0	0	0	0	0	0.082250961	0	0	0	0.059038472	0	2.416182081	4.32971304	12.494580319	0.018325047	0	0	0.257741045	0	0	0	0	0	0	0	0	0.561266093	0.008195337	0	0	0.004910334	0	0	0	0	0
1152	0	0	0	0	0	0	0	0.006234863	75.06172	0	0.001310304	0	0	0	0	0	0	0	0	0.5903137	0	0	0	0	0	0	0	0	0	0	0	0	0.02122692	16.17773	0	0	0	0	0	0	0	0	0	0	0	0	0	0	0	0	0	0.02653365	0	0	0	0.0711495	0	0	0	0	0.02264642	0	0	0	0	0	0	0	0	0	0	0	0	0	0	0	0	0.4321819	0	0	0	0	0	0	0	0	0	0	0	0	0	0	0	0	0	0	0	0	0	0	0	0	0	0	0	0	0	0	0	0	0	0	0	0	0	0	0	0	0	0	0	0	0	0	0	0	0	0	0	0	0	0	0	0	0	0	0	0	0	0	0	0	0	0	0	0	0	0	0	0	0	0	0	0	0	0	0	0	0	0	0	0	0	0	0	0	7.585677	6.442327e-4	0	0	0	0	0	0	0	0	0	0	0	0	0	0	0	0	0	0.002631527	0	0	0	0
1154	0.01767753	0	0	0	0	0	0	0	72.21046	0	0	0	0	0	0	0	0	0.03494162	0.1815355	0.04132206	0	0	7.933658e-4	0	0	0	0	0	0	0	0	0	8.55626	4.45324	0	0	0	0	0	0	0	0	0	0.2908412	0	0	0	0	0	0	0	0	0	0	0	0.290573	0	0	0	0	0.2277965	0	0	0	0	0	0	0	0	0	0	0	0	0	0	0	0	0.1839156	0	0	0	0	0	0	0	0	0	0	0	0	0	0	0	0	0	0	0	0	0	0	0	0	0	0	0	0	2.087301	0	0	0	0	0	0	0	0	0.1500355	0	0	0	0	0	0	0	0	0	0	0.7923824	0	0	0	0	0	0	0	0	0	0	0	0	0	0	0	0.6187918	0	0	0	0	0	0	0	0	0	0	0	0	0	0	0	0	0	0	0	0	0	0	1.183456	8.672605	0.005788218	0	0	0	0	0	0	0	0	0	0	0	0	0	0	0	0	0	2.793541e-4	0	0	0	0
1156	0	0	0	0	0	0	0	0	35.39019367	0	0	0	0	0	0	0	0	0.023570083	0	0	0	0	0	0	0	0	0	0	0	0	0	0	0.046695447	0	0	0	0	0	0	0	0	0	0	0	0	0	0	0	0	0	0	0	0	0	4.530681371	0	0	0	0	0	0.073473857	0	0	0	0	0	0	0	0	0	0	0	0	0	0	0	0	0.380822021	0	0	0	0	0	0	0	0	0	0	0	0	0	0	0	0	0	0	0	0	0	0	0	0	0	0	0	0	0	0	0	0	0	0	0	0	0	0	0	0	0	0	0	0	0	0.054335077	0	0	0	0	0	0	0	0	0	0	0	0	0	0	0	0	0	0	0	0	0	0	0	0	0	0	0	0	0	0	0	0	0	0	0.018694062	0	0	0	0	0	0	0	59.459679672	0	0	0	0	0	0	0	0	0	0	0.003986584	0	0	0	0	0	0	0	0.017868156	0	0	0	0
1157	0	0	0	0	0	0	0	0	7.702419829	0	0.008760396	0	0	0	0	0	0	0.044309978	0	0	0	0	0.001938691	0	0	32.314953747	0	0	0	0	0	0	0.060140894	0	0	0	0	0	0	0	0	0	0	0	0	0	0	0	0	0	0	0	0	0	0.840365581	0	0	0	0	0	1.546723026	0	0	0	0	0	0	0	0	0	0	0	0	0	0	0	0	0.017769607	0	0	0	0	0	0	0	0	0	0	0	0	0	10.213024832	0	0	0	0	0	0	0	0	0	0	0	0	0	0	0	0	0	0	0	0	0	0	0	0	0	0	0	0	0.020630991	0	1.791278026	0	0	0	0	0	0	0	0	0	0	0	0	0	0	0	0	0	0	0	8.794794521	0	0	0	0.003701138	0	0	0	0	0	0	0	0	0	0	0	0	0	0	0	0	0	0	35.271157055	0.006469215	0.230403591	0	0	0	0.062110687	0	0	0	0	0	0	0	0	0	0.031547792	0	0	0	0	0	1.037500403	0	0
1158	0	0	0	0	0	0	0	0	54.241776	0	0	0	0	0	0	0	0	0	0	0	0	0	0	0	0	0	0	0	0	0	0	0	18.847396	0	0	0	0	0	0	0	0	0	0	0	0	0	0	0	0	0	0	0	0	0	0	0	0	0	3.180381	0	0	0	0	0	0	0	0	0	0	0	0	0	0	0	0	0	0	0	0	0	0	0	0	0	0	0	0	0	0	0	0	0	0	0	0	0	0	0	0	0	0	0	0	0	0	0	0	0	0	0	0	0	0	0	0	0	0	0	0	0	0	0	0	0	0	0	0	0	0	0	0	0	0	0	0	0	0	0	0	0	0	0	0	0	0	0	0	0	0	0	0	0	0	0	0	0	0	0	0	0	0	0	0	0	0	0	3.793757	19.93669	0	0	0	0	0	0	0	0	0	0	0	0	0	0	0	0	0	0	0	0	0	0
1159	0.14241271	0	0	0	0	0	0	0	85.80882673	0	0	0	0	0	0	0	0	0.03937838	0	0	0	0	0	0	0	0	0	0	0	0	0	0	4.28501186	0	0	0	0	0	0	0	0.01741457	0	0	0	0	0	0	0	0	0	0	0	0	0	0.69479429	0	0	0	0	0	1.51087578	0	0	0	0	0	0	0	0	0	0	0	0	0	0	0	0	0.23951178	0	0	0	0	0	0	0	0	0	0	0	0	0	0	0	0	0	0	0	0	0	0	0	0	0	0	0	0	0.07874559	0	0	0	0	0	0	0	0	0.79021672	0	0.23262643	0	0	0	0	0	0	0	0	0.02257858	0	0	0	0	0	0	0	0	0	0	0	0	0	0	0	0.14802382	0	0	0	0	0	0	0	0	0	0	0	0	0	0	0	0	0	0	0	0	0	0	1.02702354	3.22052129	1.74203795	0	0	0	0	0	0	0	0	0	0	0	0	0	0	0	0	0	0	0	0	0	0
1162	0.017482392	0	0	0	0	0	0	0	0.051234751	0	0	0	0	0	0	0	0	0	0	0	0	0	0	0	0	0	0	0	0	0	0	0	0.00551458	0	0	0	0	0	0	0	0	0	0	0	0	0	0	0	0	0	0	0.594727253	0	0	1.451429652	0	0	0	0	0	44.615025601	0	0	0	0	0	0	0	0	0	0	0	0	0	0	0	0	0	0	0	0	0	0	0	0	0	0	0	0	0	0	0	0	0	0	0	0	0	0	0	0	0	0	0	0	0	0	0	0	0	0	0	0	0	0	0	0	0	0	0	0	0	0	0	0	0	0	0	0	0	0	0	0	0	0	0	0	0	0	0	0	0	43.732744938	0	0	0	0	0	0	0	0	0	0	0	0	0	0	0	0	0	0	0	0	0	0	0	0	0	0	0	0	0	0	0	0	0	0	0	0	0	9.431717961	0	0	0	0.096329154	0.003793718	0	0	0	0
1168	0	0	0	0	0	0	0	0	0.151185489	0	0	0	0	0	0	0	0	0	0	0	0	0	0	0	0	0	0	0	0	0	0	0	0.164677079	0.006266644	0	0	0	0	0	0	0	0	0	0.018541515	0	0	0	0	0	0	0	0.1452311	0	0	1.499666156	0	0	0	0	0	0.064507675	0	0	0	0	0	0	0	0	0	0	0	0	0	0	0	0	0.777106979	0	0	0	0	0	0	0	0	0	0	0	0	0	0	0	0	0	0	0	0	0	0	0	0	0	0	0	0	0	0	0	0	0	0	0	0	0	0	0	0	0	0	0	0	0	0	0	0	0	0	0	0	0	0	0	0	0	0	0	0	0	0	0	0	0.021631767	0	0	0	0	0	0	0	0	0	0	0	0	0	0	0	0.017518609	0	0	0	0	0	0	0.643246285	57.669979769	38.820440933	0	0	0	0	0	0	0	0	0	0	0	0	0	0	0	0	0	0	0	0	0	0
1169	0	0	0	0	0	0	0	0	1.298543089	0	0	0	0	0	0	0	0	0	0	0	0	0	0	0	0	0.029138646	0	0	0.055344158	0	0	0	0.0767753	0	0	0	0	0	0	0	0	0	0	0	0	0	0	0	0	0	0	0.426524689	0	0	0	0	0	0	0	0	0.162863834	0	0	0	0	0	0	0	0	0	0	0	0	0	0	0	0	0	0	0	0	0	0	0	0	0	0	0	0	0	0	0	0	0	0	0	0	0	0	0	0	0	0	0	0	0	0.007600455	0	0	0	0	0	0	0	0	0	0	0	0	0	0	0	0	0	0	0	8.099301764	0	0	0	0	0	0	0	0	0	0	0	0	0	0	0	1.355450158	0	0	0	0	0	0	0	0	0	0.002783265	0	0	0	0.030851424	0	0.02637679	0	0	0	0	0	0	0	87.479888233	0.190953403	0	0	0	0	0	0	0	0	0	0.03759549	0	0	0	0	0	0	0.683826853	0.036182448	0	0	0	0
1171	0	0	0	0	0	0	0	0	0.001099993	0	0.002760984	0	0	0	0	0	0	0.02532185	0	0	0	0	0	0	0	0.05536267	0	0	0	0	0	0	21.71514	8.029952e-4	0	0	0	0	0	0	0	0	0	0.005499967	0	0	0	0	0	0	0	0	0	0	0.0345068	0	0	0	0.0338468	0	0.2370486	0	0	0	0	0	0	0	0	0	0	0	0	0	0	0	0	0	0	0	0	0	0	0	0	0	0	0	0	0	0	0	0	0	0	0	0	0	0	0	0	0	0	0	0	0	54.86974	0	0	0	0	0	0	0	0	0	0	0	0.001110993	0	0	0	0	0	0	0	0	0	0	0	0	0	0	0	0	0	0	0	0	0	0	0	0	0	0	0	0	0	0	0	0	0	0	0	0	0	0	0	0	0	0	0	0.1368502	0	0	11.76467	0	11.0969	0	0	0	0	0	0	0	0	0	0	0	0	0	0	0	0	0	0.01218793	0.007149958	0	0	0
1175	0	0	0	0	0	0	0	0	0.09125859	0	0	0	0	0	0	0	0	0.02404833	0	0	0	0	0	0	0	0	0	0	0	0	0	0	0	0.01326804	0	0	0	0	0	0	0	0	0	0	0	0	0	0	0	0	0	0.83236587	0	0	0	0	0.86372794	0	0.28224502	0	31.55255152	0	0	0	0	0	0	0	0	0	0	0	0	0	0	0	0	0	0	0	0	0	0	0	0	0	0	0	0	0	0	0	0	0	0	0	0	0	0	0	0	0	0	0	0	0	0	0	0	0	0	0	0	0	0	0	0	0	0	0	0	0	0	0	0	0	0	0	0	0	0	0	0	0	0	0	0	0	0	0	0	0	8.77609088	0	0	0	0	0	0	0	0	0	0	0	0	0	0	0	0	0	0	0	0	26.943551	0	0.75543568	0	1.59338882	0.43515379	0	0	0	0	0	0.9600572	0	0	0	0	0	26.51599642	0	0	0	0	0.3608609	0	0	0	0
1176	0	0	0	0	0	0	0	0	62.897418201	0	0	0	0	0	0.118639007	0	0	0.068784973	0	0	0	0	0	0	0	0	0	0	0	0	0	0	0	0	0	0	0	0	0	0	0	0	0	0.003310448	0	0	0	0	0	0	0	0	0	0	0.217568789	0	0	0	0	0	3.057352308	0	0	0	0	0	0	0	0	0	0	0	0	0	0	0	0	0	0	0	0	0	0	0	0	0	0	0	0	0	0	0	0	0	0	0	0	0	0	0	0	0	0	0	0	0	0.001611377	0	0	0	0	0	0	0	0	0	0	0	0	0	0.06613223	0.031821957	0	0	0.129392482	0	0	0	0	0	0	0	0	0	0	0	0	0	0	0	0	0	10.248774696	0	0	0	0	0	0	0	0	0	0	0	0	0	0	0	0	0	0	0	0	0	0	0.536161055	0	12.19015521	0	0	0	6.827042897	0	0	0	0	0	3.571293899	0	0	0	0	0	0	0	0.015587607	0.009306525	0.009646339	0	0
1179	0	0	0	0	0	0	0	0	82.07465	0	0	0	0	0	0	0	0	0.003191658	0	0.01473704	0	0	0	0	0	0	0	0	0	0	0	0	0.008261365	0.002175664	0	0	0	0	0	0	0	0	0	0	0	0	0	0	0	0	0	0.1039906	0	0	0.8427516	0	0	0	0.00160096	0	0.6871403	0	0	0	0	0	0	0.7002149	0	0	0	0	0	0	0	0	0	7.799427	0	0	0	0	0	0	0	0	0	0	0	0	0	0	0	0	0	0	0	0	0	0	0	0	0	0	0	0	0.001149407	0	0	0	0	0	0	0	0	0	0	0	0	0	0.01644063	0	0	0	0	0	0	0	0	0	0	0	0	0	0	0	0	0	0	0	0	0	2.239333	0	0	0	0	8.723181e-4	0	0	0	0	0	0	0	0	0	0	0	0	0	0	0	0	0	0.2126814	5.291379	0	0	0	0	0	0	0	0	0	0	0	0	0	0	0	0	0	0	0	0	0	0	0
1182	0	0	0	0	0	0	0	0	51.551583212	0	0	0	0	0	0	0	0	0.458754396	0	0.024092222	0	0	0.075603879	0	0	0	0	0	0	0	0	0	2.124845816	0.315123061	0	0	0	0	0	0	0	0	0	0.007015206	0	0	0	0.406000046	0	0	0	0.817491996	0	0	0	0	0	0	0	0	36.796640398	0	0	0	0	0	0	0	0	0	0	0	0	0	0	0	0	0.853890894	0	0	0	0	0	0	0	0	0	0	0	0	0	0	0	0	0	0	0	0	0	0	0	0	0	0	0	0	0	0	0	0	0	0	0	0	0	0	0	0	0	0	0	0	0	0	0	0	0	0	0	0	0	0	0	0.463685084	0	0	0	0	0	0	0	0	4.952495028	0	0	0	0	0	0	0	0	0	0	0	0	0	0	0	0	0	0	0	0	0	0	0	0.015313193	0	0	0	0	0	0	0	0	0	0	0	0	0	0	0	0	0	0.832484493	0.304981077	0	0	0	0
1184	0	0	0	0	0	0	0	0	66.978646243	0	0	0	0	0	0	0	0	0.086266701	0	0	0	0	0	0	0	14.713553902	0	0	0	0	0.134059364	0	0.785519012	10.743564095	0	0	0	0	0	0	0	0	0	0.004609332	0	0	0	0	0	0	0	0.257245148	0	0	0.380264329	0	0.015305203	0	0	0	1.007744344	0	0	0	0	0	0	0	0	0	0	0	0	0	0	0	0	0.345033484	0	0	0	0	0	0	0	0	0	0	0	0	0	0	0	0	0	0	0	0	0	0	0	0	0	0	0	0	0	0	0	0	0	0	0	0	0	0	0	0	0	0	0	0	0	0	0	0	1.017362853	0	0	0	0	0	0	0	0	0	0	0	0	0	0	0	0.146787784	0	0	0	0	0	0	0	0	0	0	0	0	0	0	0	0.006941765	0	0	0	0	0	0	0.390660316	2.858985321	0.127450804	0	0	0	0	0	0	0	0	0	0	0	0	0	0	0	0	0	0	0	0	0	0
1187	0.003638807	0	0	0	0	0	0	0	0.437173168	0	0	0	0	0	0	0	0	1.254109947	0	0	0	0	0.002360307	0	0	0	0	0	0	0	0	0	0	0	0	0	0	0	0	0	0	0	0	0	0	0	0	0	0	0	0	0	0	0	17.071586399	0	0	0	0	0	6.76235418	0	0	0	0	0	0	0	0	0	0	0	0	0	0	0	0	0	0	0	0	0	0	0	0	0	0	0	27.76163945	0	0	0	0	0	0	0	0	0	0	0	0	0	0	0	0	0	0	0	0	0	0	0	0	0	0	0	0	0	0.042411772	0	0	0	0	0	0	0	13.449744017	0	0	0	0	0	0	0	0	0	0	0	0	0	0	0	24.445530623	0	0	0	0	0	0	0	0	0	0	0	0	0	0	0	0	0	0	0.252970852	0	0.258109438	0	6.143953667	0.018366141	0.10968053	0	0	0	0	0	0	0	0	0	0	0	0	0	0	0	0	1.890434043	0.095936657	0	0	0	0
1188	0.04282307	0.02316621	0	0	0	0	0	0	0.07011925	0	0	0	0	0	0	0	0	0.05621727	0	0	0	0	0	0	0	0.1595004	0	0	1.125891	0	0	0	3.872819	0.007966558	0	0	0	0	0	0	0	0	0	6.348229	0	0	0	0	0	0	0	0.01809966	7.108968e-4	0	0.1194871	0	0	0	0	0	0.7141015	0	0	0	0	0	0	0	0	0	0	0	0	0	0	0	0	0	0	0	0	0	0	0	0	0	0	0	0	0	0	2.110574	0	0	0	0	0	0	0	0	0	0	0	0	0	0	52.21184	0	0	0	0	0	0	0	0	0	0	0	0	0	0	0	0	0	0	0	0	0	0	0	0	0	0	0	0	0	0	0	0	0	0	0	0.1480019	0	0	0	0	0	0	0	0	0	0	0	0	0	0	0	0	0	0	0	0	0	0	0	7.020399	25.86496	0	0	0	0	0	0	0	0	0	0	0	0	0	0	0	0	0.08509322	0	0	0	0	0
1198	0.155312665	0	0	0	0	0	0	0	5.764004001	0	0	0	0	0	0	0	4.872786268	0.140348675	0	0	0	0	0	0	0	0	0	0	1.931606117	0	0	0	0.039740605	0	0	0	0	0	0	0	0	0	0	0	0	0	0	0	0	0	0	0	0	0	0.095560982	0	0	0	0.00269039	0	0.202561335	0	0	0	0	0.143925433	0	0	0	0	0	0	0	0	0	0	3.67321648	1.064278629	0.163519397	0	0	0	0	0	0	0	0	0.829422188	22.557344931	0	0	1.191675892	0	8.424559798	0	1.836399683	0	0	0	0	0	0	0	0	0.429012915	0	19.509967373	0	0	0	0	7.779961142	0.193447378	0	0	14.959746344	0	0	0.026903899	0	0	0	0	0.008915827	0	1.529027847	0	0	0	0	0	0	0	0	0	0	0	0	0	0	0	0	0.052692017	0	0	0	0	0	0	0	0	0	0	0	0	0	0	0	0	0	0	0	0	0.357665442	0	0.685277769	1.207411545	0.171017034	0	0	0	0	0	0	0	0	0	0	0	0	0	0	0	0	0	0	0	0	0	0
1199	0	0	0	0	0	0	0	0	90.99464	0	0	0	0	0	0	0	0	0.07027875	0	0	0	0	4.336025e-4	0	0	0	0	0	0	0	0	0	0.08401341	0.01575032	0	0	0	0	0	0	0	0	0	0.007464994	0	0	0	0	0	0	0	0	0	0	0	0	0	0	0	0	2.277304	0	0	0	0	0	0	0	0	0	0	0	0	0	0	0	0	0	0	0	0	0	0	0	0	0	0	0	0	0	0	0	0	0	0	0	0	0	0	0	0	0	0	0	0	0	0.001910195	0	0	0	0	0	0	0	0	0	0	0	0	0	0	0	0	0	0	0	0	0	0	0	0	0	0	0	0	0	0	0	0	0	0	0	4.059363	0	0	0	0	0	0.4853652	0	0	0	0	0	0	0	0	0	0	0	0	0	0	0	0	0.002437549	2.00104	0	0	0	0	0	0	0	0	0	0	0	0	0	0	0	0	0	0	0	0	0	0	0
1201	0.013371928	0	0	0	0	0	0	0	25.247630292	0	0	0	0	0	0	0	0	0	0	0	0	0	0	0	0	0.005908766	0	0	2.883292307	0.01983657	0	0	54.012304026	0	0	0	0	0	0	0	0	0	0	0	0	0	0	0	0	0	0	0	0	0	0.279719315	8.443636296	0	0	0	0	0.004354369	0	0	0	0	0	0	0	0	0	0	0	0	0	0	0	0	0	0	0	0	0	0	0	0	0	0	3.206936191	0.845056417	0	0	0	0	0	0	0	0	0	0	2.80615924	0	0	0	0	0	0	0	0	0	0	0	0	0	0	0	1.599360783	0	0	0	0	0	0	0	0	0	0	0	0	0	0	0	0	0	0	0	0	0	0	0	0	0	0	0.016398369	0	0	0	0	0	0	0	0	0	0	0	0	0	0	0	0	0	0	0	0	0	0	0.0048176	0.356347975	0.169192458	0	0	0	0.085677101	0	0	0	0	0	0	0	0	0	0	0	0	0	0	0	0	0	0
1203	0	0	0	0	0	0	0	0	95.01114	0	0	0	0	0	0	0	0	0.2176028	0	0	0	0	0.009507386	0	0	0	0	0	0	0	0	0	0.2860112	0.4230307	0	0	0	0	0	0	0	0	0	0	0	0	0	0	0	0	0	4.481596e-4	0	0.004609642	0.06442828	0.0209568	0	0	0	0	2.889114	0	0	0	0	0	0	0	0	0	0	0	0	0	0	0	0	0	0	0	0	0	0	0	0	0	0	0	0	0	0	0	0	0	0	0	0	0	0	0	0	0	0	0	0	0	0	0	0	0	0	0	0	0	0	0	0	0	0	0	0	0	0	0	0	0	0	0	0	0	0	0	0	0	0	0	0	0	0	0	0	0	0	0	0	0	0	0	0.01627246	0	0	0	0	0	0	0	0	0	0.002720969	0	0	0	0	0	0	0	1.052684	0.001472524	0	0	0	0	0	0	0	0	0	0	0	0	0	0	0	0	0	0	0	0	0	0
1213	0	0	0	0	0	0	0	0	86.242579793	0	0	0	0	0	0	0	0	0.029998412	0	0	0	0	0	0	0	0.00383726	0	0	0.216766947	0	0	0	8.526753303	0.087469858	0	0	0	0	0	0	0	0	0	0.78236382	0	0	0	0	0	0	0	0	0	0	0.239418809	0.014288602	0	0	0	0	0.13618448	0	0	0	0	0	0	0	0	0	0	0	0	0	0	0	0	0	0	0	0	0	0	0	0	0	0	0	0.002263	0	0	0	0	0	0	0	0	0	0	0	0	0	0	0	0	0	0.197361998	0	0	0	0	0	0	0	0	0.005564574	0	0	0	0	0	0	0	0	0	0	0	0	0	0	0	0	0	0	0	0	0	0	0	0	0	0	1.956707613	0	0	0	0	0	0.082495632	0	0	0	0	0	0	0	0	0	0	0	0	0	0	0	0	0	1.475945898	0	0	0	0	0	0	0	0	0	0	0	0	0	0	0	0	0	0	0	0	0	0	0
